Investigador,Nombre del evento,Tipo,Lugar,Ámbito,Productos asociados,Instituciones asociadas,Participantes,Año
Yorladys Mayilsen Martínez Aroca,III Semana de Iniciación Científica, Congreso,São Carlos   - Universidade Federal de São Carlos,Nacional,"Un modelo real para los gráficos alfa: Demás trabajos - Demás trabajos - Póster
","Universidade Federal de São Carlos: Patrocinadora
","YORLADYS MAYILSEN MARTINEZ AROCA: Ponente
",2015
Yorladys Mayilsen Martínez Aroca,II Encuentro Internacional de Meta-Matemáticas, Encuentro,SANTA MARTA   - Universidad Sergio Arboleda,Internacional,Ninguno,"Universidad Sergio Arboleda - Sede Santa Marta: Gestionadora
","YORLADYS MAYILSEN MARTINEZ AROCA: Asistente
",2012
Yorladys Mayilsen Martínez Aroca,Primer Encuentro nacional de Matemáticas y Estadística, Encuentro,IBAGUÉ   - Universidad del Tolima,Nacional,Ninguno,"UNIVERSIDAD DEL TOLIMA: Gestionadora
","YORLADYS MAYILSEN MARTINEZ AROCA: Asistente
",2011
Yorladys Mayilsen Martínez Aroca,Escuela de Geometría 2012, Otro,CALI   - Universidad del Valle,Nacional,Ninguno,"UNIVERSIDAD DEL VALLE: Gestionadora
","YORLADYS MAYILSEN MARTINEZ AROCA: Asistente
",2012
Yorladys Mayilsen Martínez Aroca,Tercer Encuentro nacional de Matemáticas y Estadística, Encuentro,IBAGUÉ   - Universidad del Tolima,Nacional,Ninguno,"UNIVERSIDAD DEL TOLIMA: Gestionadora
","YORLADYS MAYILSEN MARTINEZ AROCA: Asistente
",2013
Yorladys Mayilsen Martínez Aroca,I Encuentro Internacional de Matemáticas Estadística y Educación Matemática y XXII Jornada de Matemáticas y Estadística, Encuentro,TUNJA   - Universidad Pedagógica y Tecnológica de Colombia,Internacional,Ninguno,"Universidad Pedagógica Y Tecnológica De Colombia - Uptc - Sede Tunja: Gestionadora
","YORLADYS MAYILSEN MARTINEZ AROCA: Asistente
",2011
Yorladys Mayilsen Martínez Aroca,Oitava jornada de Equações Diferenciais Parciais, Congreso,São Carlos   - Universidad Federal de São Carlos,Nacional,"Un modelo real para los gráficos alfa: Demás trabajos - Demás trabajos - Póster
","Universidade Federal de São Carlos: Patrocinadora
","YORLADYS MAYILSEN MARTINEZ AROCA: Asistente
",2015
Yorladys Mayilsen Martínez Aroca,Segundo Encuentro nacional de Matemáticas y Estadística, Encuentro,IBAGUÉ   - Universidad del Tolima,Nacional,Ninguno,"UNIVERSIDAD DEL TOLIMA: Gestionadora
","YORLADYS MAYILSEN MARTINEZ AROCA: Asistente
",2012
Yorladys Mayilsen Martínez Aroca,Semana de investigación universitaria, Congreso,IBAGUÉ   - Universidad de Ibague,Nacional,"Estrategias para la construcción de formación ciudadana en el contexto del pos-acuerdo en algunas instituciones educativas de Ibagué: Producción técnica - Presentación de trabajo - Ponencia
","UNIVERSIDAD DE IBAGUÉ: Patrocinadora
","YORLADYS MAYILSEN MARTINEZ AROCA: Ponente
",2021
Yorladys Mayilsen Martínez Aroca,I Congreso internacional de ciencia y tecnología en el trópico: Aguacate Hass y Cacao, Encuentro,IBAGUÉ   - Universidad del Tolima,Internacional,"Modelación de la agrocadena del Aguacate Hass en el Tolima (Estructura y lazos de interacción): Demás trabajos - Demás trabajos - Póster
","UNIVERSIDAD DE IBAGUÉ: Patrocinadora
","YORLADYS MAYILSEN MARTINEZ AROCA: Ponente
",2019
Yorladys Mayilsen Martínez Aroca,"VI Congreso internacional Industria, Organizaciones y logística: "" Impactos y Perspectivas de la cuarta revolución industrial""", Congreso,CARTAGENA DE INDIAS   - Escuela Naval de Cadetes Almirante Padilla,Internacional,"MODELO DE SIMULACIÓN DINAMICA PARA UNA AGROCADENA DE SUMINISTRO CASO: AGROCADENA DEL AGUACATE DEL TOLIMA: Producción técnica - Presentación de trabajo - Ponencia
","UNIVERSIDAD DE IBAGUÉ: Patrocinadora
","YORLADYS MAYILSEN MARTINEZ AROCA: Ponente
",2019
Yorladys Mayilsen Martínez Aroca,II Workshop Internacional: Investigación en Imaginarios y Representaciones, Congreso,CONCEPCIÓN   - Universidad de Concepción,Internacional,"Croquis afectivo del miedo una mirada local al imaginario global: Producción técnica - Presentación de trabajo - Ponencia
","UNIVERSIDAD DE IBAGUÉ: Patrocinadora
","TATIANA HERNANDEZ CIFUENTES: Ponente
YORLADYS MAYILSEN MARTINEZ AROCA: Ponente
",2018
Blanca Myriam SALGUERO LONDOÑO,Semana de Investigación Universitaria, Otro,IBAGUÉ   - Universidad de Ibagué,Nacional,"Relicto de Bosque: Recurso para el Desarrollo de la Sensibilizacion y Conservación de la Biodiversidad-Universidad de Ibagué: Producción técnica - Presentación de trabajo - Ponencia
","UNIVERSIDAD DE IBAGUÉ: Patrocinadora
","BLANCA MYRIAM SALGUERO LONDONO: Ponente
",2012
Blanca Myriam SALGUERO LONDOÑO,Semana de Investigación Universitaria, Seminario,IBAGUÉ   - Universidad de Ibagué,Nacional,"Evaluación de nematodos de vida libre como indicadores de calidad y salud de suelos cafeteros: Producción técnica - Presentación de trabajo - Ponencia
","UNIVERSIDAD DE IBAGUÉ: Patrocinadora
","BLANCA MYRIAM SALGUERO LONDONO: Ponente
",2015
Blanca Myriam SALGUERO LONDOÑO,Foro Regional de Área Protegidas y otras estrategias de conservación, Otro,IBAGUÉ   - Universidad del Tolima,Nacional,"Los sistemas integrados de producción, ¿Una estrategia para la conservación?: Producción técnica - Presentación de trabajo - Ponencia
","UNIVERSIDAD DE IBAGUÉ: Patrocinadora
","BLANCA MYRIAM SALGUERO LONDONO: Ponente
",2014
Blanca Myriam SALGUERO LONDOÑO,XIX Congreso de la Sociedad Mesoamericana para la Biología y la Conservación, Congreso,Villahermosa   - Universidad Juárez Autónoma de Tabasco,Internacional,"Evaluación de la Sostenibilidad de Cafetales en Líbano aplicando un método Agroecológico: Producción técnica - Presentación de trabajo - Ponencia
","UNIVERSIDAD DE IBAGUÉ: Patrocinadora
","BLANCA MYRIAM SALGUERO LONDONO: Ponente
",2015
Blanca Myriam SALGUERO LONDOÑO,XVI Congreso de la Sociedad Mesoamericana para la Biología y la Conservación, Congreso,Panamá   - Universidad de Panamá,Internacional,"Dinámica poblacional de Jacana spinosa en un Lago Artificial en Turrialba, Costa Rica: Producción técnica - Presentación de trabajo - Ponencia
","UNIVERSIDAD DE IBAGUÉ: Patrocinadora
","BLANCA MYRIAM SALGUERO LONDONO: Ponente
",2012
Blanca Myriam SALGUERO LONDOÑO,XLVI Congreso Nacional de Ciencias Biológicas, Congreso,MEDELLÍN   - Jardín Botánico Joaquin Antonio Uribe,Nacional,"CARACTERIZACIÓN DE NEMATODOS DE VIDA LIBRE COMO BIOINDICADORES DE CALIDAD Y SALUD DE SUELOS BANANEROS EN COSTA RICA: Producción técnica - Presentación de trabajo - Ponencia
","Catie: Patrocinadora
","BLANCA MYRIAM SALGUERO LONDONO: Ponente
",2011
Blanca Myriam SALGUERO LONDOÑO,Congreso Nacional de Ciencias Biológicas, Congreso,IBAGUÉ   - Jardín Botánico de Medellín,Nacional,"ESTUDIO ETNOBOTÁNICO de las principales especies vegetales utilizadas por la Comunidad Campesina del municipio de Rivera, Huila. 1995-1996: Producción bibliográfica - Trabajos en eventos (Capítulos de memoria) - Completo
","UNIVERSIDAD DEL TOLIMA: Patrocinadora
","BLANCA MYRIAM SALGUERO LONDONO: Asistente
",1997
Blanca Myriam SALGUERO LONDOÑO,Curso de Agreoecología Tropical, Otro,Turrialba   - Turrialba,Internacional,Ninguno,"Centro Agronomico Tropical De Investigacion Y Enseñanza: Patrocinadora
","BLANCA MYRIAM SALGUERO LONDONO: Organizador
",2008
Blanca Myriam SALGUERO LONDOÑO,3 Encuentro Nacional de Profesores de Ciencias Exactas y Naturales, Encuentro,IBAGUÉ   - Universidad de Ibagué,Nacional,Ninguno,"UNIVERSIDAD DE IBAGUÉ: Patrocinadora
","BLANCA MYRIAM SALGUERO LONDONO: Organizador
",2010
Blanca Myriam SALGUERO LONDOÑO,Seminario Taller de Nematodos de Vida Libre como Indicadores de Calidad y Salud de Suelos, Seminario,Turrialba   - CATIE-Turrialba,Internacional,Ninguno,"Centro Agronomico Tropical De Investigacion Y Enseñanza: Patrocinadora
","BLANCA MYRIAM SALGUERO LONDONO: Organizador
",2005
Blanca Myriam SALGUERO LONDOÑO,Taller de Redacción Científica, Taller,IBAGUÉ   - Universidad de Ibagué,Nacional,Ninguno,"UNIVERSIDAD DE IBAGUÉ: Patrocinadora
","BLANCA MYRIAM SALGUERO LONDONO: Organizador
",2011
Blanca Myriam SALGUERO LONDOÑO,Programa Recreo, Congreso,"BOGOTÁ, D.C.   -",Nacional,Ninguno,"UNIVERSIDAD NACIONAL DE COLOMBIA: Patrocinadora
","BLANCA MYRIAM SALGUERO LONDONO: Organizador
",1996
Blanca Myriam SALGUERO LONDOÑO,Primer Encuentro de Química, Encuentro,IBAGUÉ   - Universidad del Tolima,Nacional,Ninguno,"UNIVERSIDAD DEL TOLIMA: Patrocinadora
","BLANCA MYRIAM SALGUERO LONDONO: Organizador
",1996
Blanca Myriam SALGUERO LONDOÑO,II Seminario Nacional de Biotecnología, Seminario,IBAGUÉ   -,Nacional,Ninguno,"UNIVERSIDAD DEL TOLIMA: Patrocinadora
","BLANCA MYRIAM SALGUERO LONDONO: Organizador
",1996
Blanca Myriam SALGUERO LONDOÑO,I Simposio Regional de Plantas Medicinales y/o Toxicas, Simposio,IBAGUÉ   -,Nacional,Ninguno,"UNIVERSIDAD DEL TOLIMA: Patrocinadora
","BLANCA MYRIAM SALGUERO LONDONO: Organizador
",1996
Blanca Myriam SALGUERO LONDOÑO,"Seminario Taller ""Evaluación de los Factores de Riesgo y Mejoramiento de la Calidad en el Servicio de los Laboratorios", Taller,IBAGUÉ   -,Nacional,Ninguno,"UNIVERSIDAD DEL TOLIMA: Patrocinadora
","BLANCA MYRIAM SALGUERO LONDONO: Organizador
",1996
Blanca Myriam SALGUERO LONDOÑO,Seminario de Química Analítica  Instrumental, Seminario,IBAGUÉ   -,Nacional,Ninguno,"UNIVERSIDAD DEL TOLIMA: Patrocinadora
","BLANCA MYRIAM SALGUERO LONDONO: Organizador
",1997
Blanca Myriam SALGUERO LONDOÑO,III Encuentro de química, Congreso,IBAGUÉ   -,Nacional,Ninguno,"UNIVERSIDAD DEL TOLIMA: Patrocinadora
","BLANCA MYRIAM SALGUERO LONDONO: Organizador
",1997
Blanca Myriam SALGUERO LONDOÑO,Seminario de Resonancia Magnética Nuclear, Seminario,IBAGUÉ   -,Nacional,Ninguno,"UNIVERSIDAD DEL TOLIMA: Patrocinadora
","BLANCA MYRIAM SALGUERO LONDONO: Organizador
",1998
Blanca Myriam SALGUERO LONDOÑO,"VIII Encuentro de Química  ""La Química en el Ambiente, la Educación y la Sociedad"".", Congreso,IBAGUÉ   -,Nacional,Ninguno,"UNIVERSIDAD DEL TOLIMA: Patrocinadora
","BLANCA MYRIAM SALGUERO LONDONO: Organizador
",2002
Blanca Myriam SALGUERO LONDOÑO,Congreso Colombiano de Ecología, Congreso,"BOGOTÁ, D.C.   - Pontificia Universidad Javeriana",Nacional,"Evaluación de grupos tróficos de nematodos de vida libre en suelos cafeteros en Líbano y Villahermosa: Producción técnica - Presentación de trabajo - Ponencia
","UNIVERSIDAD DE IBAGUÉ: Patrocinadora
","BLANCA MYRIAM SALGUERO LONDONO: Ponente
",2016
Blanca Myriam SALGUERO LONDOÑO,XXI Congreso de la Sociedad Mesoamericana para la Biología y la Conservación, Congreso,San José   - Hotel Crowne Plaza Corobicí,Internacional,"Evaluación de nutrientes y descomposición de hojarasca en fragmentos de Bosque Seco Tropical, Tolima: Producción técnica - Presentación de trabajo - Ponencia
","UNIVERSIDAD DE IBAGUÉ: Patrocinadora
","BLANCA MYRIAM SALGUERO LONDONO: Ponente
",2017
Blanca Myriam SALGUERO LONDOÑO,XVI Congreso De la Sociedad Mesomericana para la Biología y la Conservación, Congreso,Panamá   - Universidad de Panamá,Internacional,"Dinámica Poblacional de Jacana spinosa en un lago artificial en Turrialba, Costa Rica: Producción técnica - Presentación de trabajo - Ponencia
","UNIVERSIDAD DEL TOLIMA: Patrocinadora
","BLANCA MYRIAM SALGUERO LONDONO: Ponente
",2012
Blanca Myriam SALGUERO LONDOÑO,III Taller de productores de café con buenas prácticas agrícolas  de la vereda el Paraíso del municipio de Líbano para evaluar la resiliencia de los sistemas agrícolas, Taller,LÍBANO   - Finca el Refugio,Nacional,"DIAGNÓSTICO RURAL RÁPIDO PARA EVALUAR LA RESILIENCIA AL CAMBIO CLIMÁTICO DEL AGROECOSISTEMA EL REFUGIO, LÍBANO-TOLIMA: Producción técnica - Presentación de trabajo - Comunicación
","UNIVERSIDAD DE IBAGUÉ: Patrocinadora
","BLANCA MYRIAM SALGUERO LONDONO: Compilador de memorias , Organizador
",2018
Blanca Myriam SALGUERO LONDOÑO,"I Encuentro de productores de café en el municipio del Líbano Tolima, noviembre 2012", Encuentro,"LÍBANO   - Sede del comité departamental de cafeteros del Tolima, Líbano. Tolima",Nacional,"Aplicación de un método agroecológico para la evaluación de sostenibilidad en cafetales en el municipio del Líbano: Producción técnica - Presentación de trabajo - Ponencia
","Unibague: Patrocinadora
","BLANCA MYRIAM SALGUERO LONDONO: Organizador
",2012
Blanca Myriam SALGUERO LONDOÑO,I Taller de productores café y banano orgánico de la vereda Perico del municipio de Ibagué para evaluar la resiliencia de los sistemas agrícolas, Taller,"IBAGUÉ   - Finca Bellavista, vereda Perico, municipio de Ibagué",Nacional,"Evaluación de vulnerabilidad y resiliencia en los agroecosistemas Bellavista,el Encanto,el Placer y la Floresta vereda Perico, municipio de Ibagué: Demás trabajos - Demás trabajos - Póster
","Unibague: Patrocinadora
","BLANCA MYRIAM SALGUERO LONDONO: Organizador
",2017
Blanca Myriam SALGUERO LONDOÑO,"IV Encuentro de productores de café en el municipio del Líbano Tolima, noviembre 2015", Encuentro,LÍBANO   - Universidad de Ibagué,Nacional,"Aplicación de indicadores de calidad de suelo y salud del cultivo en dos sistemas de producción de café, Líbano-Tolima: Producción técnica - Presentación de trabajo - Ponencia
","Unibague: Patrocinadora
","BLANCA MYRIAM SALGUERO LONDONO: Organizador
",2015
Blanca Myriam SALGUERO LONDOÑO,"Seminario de sistemas integrados de producción en Fresno, Tolima, mayo 2016", Seminario,FRESNO   - Universidad de Ibagué,Nacional,"Evaluación de sostenibilidad mediante la aplicación de indicadores de calidad del suelo y salud del cultivo, Fresno - Tolima: Demás trabajos - Demás trabajos - Póster
","Unibague: Patrocinadora
","BLANCA MYRIAM SALGUERO LONDONO: Organizador
",2016
Blanca Myriam SALGUERO LONDOÑO,"II Encuentro de productores de café en el municipio del Líbano Tolima, noviembre 2013", Encuentro,IBAGUÉ   - Auditorio de Derecho-Universidad de Ibagué,Nacional,"Evaluación de la sostenibilidad en sistemas productivos de café del municipio del Líbano, Tolima: Producción técnica - Presentación de trabajo - Ponencia
","Unibague: Patrocinadora
","BLANCA MYRIAM SALGUERO LONDONO: Organizador
",2013
Blanca Myriam SALGUERO LONDOÑO,II Taller de productores de café con buenas prácticas agrícolas  de la vereda Calambeo del municipio de Ibagué para evaluar la resiliencia de los sistemas agrícolas, Taller,IBAGUÉ   - Finca Gaia,Nacional,"Evaluación de vulnerabilidad y resiliencia en al agroecosistema Gaia, vereda Calambeo, municipio de Ibagué.: Demás trabajos - Demás trabajos - Póster
","Unibague: Patrocinadora
","BLANCA MYRIAM SALGUERO LONDONO: Organizador
",2018
Blanca Myriam SALGUERO LONDOÑO,"III Encuentro de productores de café en el municipio del Líbano Tolima, noviembre 2014", Encuentro,"LÍBANO   - Auditorio comité municipal de cafeteros del Líbano, Tolima",Nacional,"Evaluación de calidad del suelo y salud del cultivo en sistemas productivos cafeteros, Líbano - Tolima.: Producción técnica - Presentación de trabajo - Ponencia
","Unibague: Patrocinadora
","BLANCA MYRIAM SALGUERO LONDONO: Organizador
",2014
Juan Sebastian Trujillo Hernandez,1° Taller de Tecnicas de Caracterización de Materiales, Taller,CALI   - Universidad del Valle,Nacional,"Espectroscopia Mössbauer y Aplicaciones: Producción técnica - Presentación de trabajo - Conferencia
","UNIVERSIDAD DEL VALLE: Patrocinadora
","JUAN SEBASTIAN TRUJILLO HERNANDEZ: Ponente magistral
",2022
Juan Sebastian Trujillo Hernandez,XXIX CONGRESO NACIONAL DE FÍSICA, Congreso,ARMENIA   - Universidad del Quindio,Nacional,"Microstructural and magnetic properties of Mn53.3-xAl45C1.7Tix (x = 0; 0.5; 1.0; 1.5) melt spun ribbons: Producción técnica - Presentación de trabajo - Ponencia
","UNIVERSIDAD DEL VALLE: Gestionadora
","JUAN SEBASTIAN TRUJILLO HERNANDEZ: Ponente
",2022
Juan Sebastian Trujillo Hernandez,IV Escuela Colombiana de Espectroscopia Mössbauer, Congreso,IBAGUÉ   - Universidad del Tolima - Universidad de Ibagué,Nacional,Ninguno,"UNIVERSIDAD DEL TOLIMA: Patrocinadora
","JUAN SEBASTIAN TRUJILLO HERNANDEZ: Organizador
",2019
Juan Sebastian Trujillo Hernandez,Cátedra Inaugural: De la investigación básica a la investigación aplicada, Seminario,IBAGUÉ   - Universidad de Ibagué,Nacional,"De la investigación básica a la investigación aplicada: Producción técnica - Presentación de trabajo - Ponencia
","UNIVERSIDAD DE IBAGUÉ: Patrocinadora
","JUAN SEBASTIAN TRUJILLO HERNANDEZ: Organizador
",2019
Juan Sebastian Trujillo Hernandez,Quantum Technology Present and Future, Encuentro,"BOGOTÁ, D.C.   - Academia Colombiana de Ciencias Exactas, Físicas y Naturales",Nacional,Ninguno,"UNIVERSIDAD DE IBAGUÉ: Gestionadora
","JUAN SEBASTIAN TRUJILLO HERNANDEZ: Asistente
",2019
Juan Sebastian Trujillo Hernandez,Coloquio de Física: Ciclo de Conferencias, Simposio,IBAGUÉ   - Universidad de Ibagué,Nacional,"Imanes Permanentes Libres de Tierras Raras: Producción técnica - Presentación de trabajo - Ponencia
","UNIVERSIDAD DE IBAGUÉ: Patrocinadora
","JUAN SEBASTIAN TRUJILLO HERNANDEZ: Organizador , Ponente magistral
",2017
Juan Sebastian Trujillo Hernandez,Annual Conference on Magnetism and Magnetic Materials MMM2019, Congreso,Las Vegas   - Las Vegas - Rio Hotel and Casino,Internacional,"Structural and magnetic properties of Mn53.3-xAl45C1.7Tix (x = 0, 0.5, 1.0, 1.5) melt spun ribbons: Demás trabajos - Demás trabajos - Póster
","UNIVERSIDAD DE IBAGUÉ: Gestionadora
","JUAN SEBASTIAN TRUJILLO HERNANDEZ: Ponente
",2019
Juan Sebastian Trujillo Hernandez,21th Latin American Symposium on Solid State Physics (SLAFES XXI), Congreso,VILLA DE LEYVA   - Villa de Leyva - Colombia,Internacional,"Heat treatment influence on the structural and magnetic properties of the intermetallic Fe56.25Al43.75 alloy prepared by mechanical alloying and arc-melted.: Demás trabajos - Demás trabajos - Póster
","UNIVERSIDAD DEL VALLE: Patrocinadora
","JUAN SEBASTIAN TRUJILLO HERNANDEZ: Ponente
",2013
Juan Sebastian Trujillo Hernandez,"Fourth International Conference on Ferromagnetic Shape Memory Alloys Boise State University, Idaho USA", Congreso,Boise - Idaho   - Boise - Idaho,Internacional,"Ni High Concentration Effect on the Magnetic and Structural Properties of the NdFeB Hard Magnet.: Demás trabajos - Demás trabajos - Póster
","UNIVERSIDAD DEL VALLE: Gestionadora
","JUAN SEBASTIAN TRUJILLO HERNANDEZ: Ponente
",2013
Juan Sebastian Trujillo Hernandez,The 2018 Joint Conference of the Condensed Matter Divisions of the DPG and the EPS (DPG 2018), Congreso,Berlin   - Technishe Universitat Berlin,Internacional,Ninguno,"UNIVERSIDAD DEL VALLE: Gestionadora
","JUAN SEBASTIAN TRUJILLO HERNANDEZ: Asistente
",2018
Juan Sebastian Trujillo Hernandez,Workshop on Oxide Materials:Novel Multifunctional Properties, Congreso,CALI   - Universidad del Valle,Nacional,"Preparation of Fe3O4 nanoparticles and catalytic activity in methylene blue: Demás trabajos - Demás trabajos - Póster
","UNIVERSIDAD DEL VALLE: Patrocinadora
","JUAN SEBASTIAN TRUJILLO HERNANDEZ: Ponente
",2014
Juan Sebastian Trujillo Hernandez,"XIII Latin American Conference on the Applications of the Mössbauer Effect. Universidad de Antioquia, Medellín - Colombia", Congreso,MEDELLÍN   - Universidad de Antioquia - Colombia,Internacional,"Structural, calorimetric and magnetic properties study of the Cu0.91Fe0.09O system.: Demás trabajos - Demás trabajos - Póster
","UNIVERSIDAD DEL VALLE: Patrocinadora
","JUAN SEBASTIAN TRUJILLO HERNANDEZ: Ponente
",2012
Juan Sebastian Trujillo Hernandez,Jornada de charlas de investigación en nuevos materiales, Encuentro,IBAGUÉ   - Universidad de Ibagué,Nacional,"Desarrollando nuevos imanes permanentes: Producción técnica - Presentación de trabajo - Ponencia
","UNIVERSIDAD DE IBAGUÉ: Patrocinadora
","JUAN SEBASTIAN TRUJILLO HERNANDEZ: Organizador , Ponente magistral
",2017
Juan Sebastian Trujillo Hernandez,XVth Latin American Conference on the Applications of the Applications of the Mössbauer Effect (LACAME 2016), Congreso,Ciudad de Panamá   - Panamá,Internacional,"Preparation of Fe3O4 nanoparticles and catalytic activity in methylene blue and esterification: Demás trabajos - Demás trabajos - Póster
","UNIVERSIDAD DEL VALLE: Patrocinadora
","JUAN SEBASTIAN TRUJILLO HERNANDEZ: Ponente
",2016
Juan Sebastian Trujillo Hernandez,XIVth Latin American Conference on the Applications of the Mössbauer Effect(LACAME 2014), Congreso,Toluca   - Toluca - Mexico,Internacional,"Ni High Concentration Effect on the Magnetic and Structural Properties of the NdFeB Hard Magnet.: Demás trabajos - Demás trabajos - Póster
","UNIVERSIDAD DEL VALLE: Patrocinadora
","JUAN SEBASTIAN TRUJILLO HERNANDEZ: Ponente
",2014
Juan Sebastian Trujillo Hernandez,"24th International Symposium on Metastable, Amorphous and Nanostructured Materials (ISMANAN 2017).", Congreso,San Sebastian - Pais Vasco   - San Sebastian - Pais Vasco,Internacional,"Exchange coupling in MnAlC/Fe nanocomposite magnets: Demás trabajos - Demás trabajos - Póster
","UNIVERSIDAD DEL VALLE: Patrocinadora
","JUAN SEBASTIAN TRUJILLO HERNANDEZ: Ponente
",2017
Juan Sebastian Trujillo Hernandez,XXIII Congreso Nacional de Física., Congreso,SANTA MARTA   - Universidad del Magdalena,Nacional,"Análisis del sistema Fe56.25Al43.75 mediante espectrometría Mössbauer y Difracción de rayos-X.: Demás trabajos - Demás trabajos - Póster
","UNIVERSIDAD DEL VALLE: Patrocinadora
","JUAN SEBASTIAN TRUJILLO HERNANDEZ: Ponente
",2009
Juan Sebastian Trujillo Hernandez,III Congreso Nacional de Ingeniería Física, Congreso,"MEDELLÍN   - Universidad EAFIT - Medellin, Colombia",Nacional,"Effect of heat treatment on the structural and magnetic properties of the system Fe56.25Al43.75 prepared by mechanical alloying.: Demás trabajos - Demás trabajos - Póster
","UNIVERSIDAD DEL VALLE: Patrocinadora
","JUAN SEBASTIAN TRUJILLO HERNANDEZ: Ponente
",2012
Juan Sebastian Trujillo Hernandez,"I Escuela Colombiana de Teoría y Computación en las Ciencias Moleculares Universidad del Valle - Cali, Colombia.", Taller,CALI   - Universidad del Valle - Colombia,Nacional,Ninguno,"UNIVERSIDAD DEL VALLE: Patrocinadora
","JUAN SEBASTIAN TRUJILLO HERNANDEZ: Asistente
",2012
Juan Sebastian Trujillo Hernandez,XVth Latin American Conference on the Applications of the Applications of the Mössbauer Effect (LACAME 2016), Congreso,Ciudad de Panamá   - Panamá,Internacional,"Preparation of Fe3O4 nanoparticles and catalytic activity in methylene blue and esterification: Demás trabajos - Demás trabajos - Póster
","UNIVERSIDAD DEL VALLE: Patrocinadora
","JUAN SEBASTIAN TRUJILLO HERNANDEZ: Ponente
",2016
Juan Sebastian Trujillo Hernandez,Coloquio de Física Universidad de Ibagué, Simposio,IBAGUÉ   - Universidad de ibagué,Nacional,"Nuevos materiales magnéticos para aplicaciones en energías renovables: Producción técnica - Presentación de trabajo - Ponencia
","UNIVERSIDAD DE IBAGUÉ: Patrocinadora
","JUAN SEBASTIAN TRUJILLO HERNANDEZ: Organizador , Ponente magistral
",2016
Juan Sebastian Trujillo Hernandez,V Seminario Internacional de Ingeniería Biomédica y Análisis de Imágenes., Seminario,"BOGOTÁ, D.C.   - Universidad de los Andes",Internacional,Ninguno,"UNIVERSIDAD DEL VALLE: Patrocinadora
","JUAN SEBASTIAN TRUJILLO HERNANDEZ: Asistente
",2009
Juan Sebastian Trujillo Hernandez,"The International Workshop on Quantum Coherence and Decoherence IWQCD1 Universidad del Valle - Cali, Colombia.", Congreso,CALI   - Universidad del Valle - Colombia,Nacional,Ninguno,"UNIVERSIDAD DEL VALLE: Patrocinadora
","JUAN SEBASTIAN TRUJILLO HERNANDEZ: Asistente
",2012
Juan Sebastian Trujillo Hernandez,XXVI Congreso Nacional de Física, Congreso,MANIZALES   - Universidad Nacional de Colombia Sede Manizalez,Nacional,"Effect of the Co in the structural magnetic properties and mechanical hardness of alloy Nd16(Fe76−xCox)B8 With X = 0, 10, 20 and 25: Demás trabajos - Demás trabajos - Póster
","UNIVERSIDAD DEL VALLE: Patrocinadora
","JUAN SEBASTIAN TRUJILLO HERNANDEZ: Ponente
",2015
Juan Sebastian Trujillo Hernandez,The International Conference on the Applications of the Mossbauer Effect (ICAME 2017)., Congreso,Saint Petersburg   - Saint Petersburg,Internacional,"Exchange coupling in MnAlC/Fe nanocomposite magnets prepared by melt spinning: Demás trabajos - Demás trabajos - Póster
","UNIVERSIDAD DEL VALLE: Gestionadora
","JUAN SEBASTIAN TRUJILLO HERNANDEZ: Ponente
",2017
Juan Sebastian Trujillo Hernandez,The International Conference on the Applications of the Mossbauer Effect (ICAME 2015)., Congreso,Hamburg   - Hamburgo - Alemania,Internacional,"Preparation of Fe3O4 nanoparticles and catalytic activity in degradation and esterification: Demás trabajos - Demás trabajos - Póster
","UNIVERSIDAD DEL VALLE: Gestionadora
","JUAN SEBASTIAN TRUJILLO HERNANDEZ: Ponente
",2015
Juan Sebastian Trujillo Hernandez,XXII Congreso Nacional de Física., Congreso,IBAGUÉ   - Universidad del Tolima,Nacional,Ninguno,"UNIVERSIDAD DEL VALLE: Patrocinadora
","JUAN SEBASTIAN TRUJILLO HERNANDEZ: Asistente
",2007
Juan Sebastian Trujillo Hernandez,The 24th International Workshop on Rare-Earth and Future Permanent Magnets and Their Applications (REPM 16)., Congreso,Darmstadt   - Darmstadt - Alemania,Internacional,"Comparative magnetic and strctural properties study of micro and nanopwders of Nd2Fe14B1 doped with Ni: Demás trabajos - Demás trabajos - Póster
","UNIVERSIDAD DEL VALLE: Patrocinadora
","JUAN SEBASTIAN TRUJILLO HERNANDEZ: Ponente
",2016
Juan Sebastian Trujillo Hernandez,"XII Latin American Conference on the Applications of the Möussbauer Effect. Centro Cultural de la Universidad Nacional Mayor de San Marcos - Lima, Perú", Congreso,"Lima   - Universidad de San Marcos - Lima, Perú",Internacional,"Effect of heat treatment on the magnetic and structural properties of the system Fe56.25Al43.75 prepared by mechanical alloying.: Demás trabajos - Demás trabajos - Póster
","UNIVERSIDAD DEL VALLE: Patrocinadora
","JUAN SEBASTIAN TRUJILLO HERNANDEZ: Ponente
",2010
Nohora Meneses Casas,IbPRIA 2019: 9th Iberian Conference on Pattern Recognition and Image Analysis, Congreso,Madrid   - Universidad Autónoma de Madrid,Internacional,"Image Feature Detection Based on Phase Congruency by Monogenic Filters with new Noise Estimation: Demás trabajos - Demás trabajos - Póster
Automatic Fault Detection in a Cascaded Transformer Multilevel Inverter Using Pattern Recognition Techniques: Demás trabajos - Demás trabajos - Póster
","UNIVERSIDAD DE IBAGUÉ: Patrocinadora
","CARLOS ANTONIO JACANAMEJOY JAMIOY: Ponente
MANUEL GUILLERMO FORERO VARGAS: Ponente
NOHORA MENESES CASAS: Ponente
",2019
