Investigador,Nombre del producto,Tipo,Jurado,Lugar,Programa,Orientado,Año,Palabras,Area,Sectores
Yorladys Mayilsen Martínez Aroca, Imaginarios urbanos de los estudiantes del programa Maestro en Música de El Conservatorio del Tolima frente a Ibagué como ciudad musical, Jurado/Comisiones evaluadoras de trabajo de grado - Pregrado,"YORLADYS MAYILSEN MARTINEZ AROCA,", UNIVERSIDAD DE IBAGUÉ, Comunicación Social y Periodismo, Valentina Torres Mejia,Esta información no suele aparecer en los CvLACs,,,
Blanca Myriam SALGUERO LONDOÑO, Determinación de la presencia de Sesquiterpenlactonas en algunas Arvenses de la familia Asteraceae asociadas a Cultivo de Arroz en el Tolima, Jurado/Comisiones evaluadoras de trabajo de grado - Pregrado,"BLANCA MYRIAM SALGUERO LONDONO,", UNIVERSIDAD DEL TOLIMA, Departamento de Química, CARLOS ANDRÉS PEREZ Y VÍCTOR BUITRAGO,Esta información no suele aparecer en los CvLACs,"SESQUITERPENLACTONAS,","Ciencias Naturales -- Ciencias Biológicas -- Botánica y Ciencias de las Plantas,","Agricultura, pecuaria, silvicultura, explotación forestal - Producción vegetal,"
Blanca Myriam SALGUERO LONDOÑO, Plan de Gestión Integral de Residuos Sólidos para la Reserva Natural Orquídeas del Tolima, Jurado/Comisiones evaluadoras de trabajo de grado - Pregrado,"BLANCA MYRIAM SALGUERO LONDONO,", UNIVERSIDAD DE IBAGUÉ, Administración Ambiental, Jessica Valero,Esta información no suele aparecer en los CvLACs,,,
Blanca Myriam SALGUERO LONDOÑO, Evaluación de los niveles de presión sonora en cuatro comunas de la ciudad de Ibagué, Jurado/Comisiones evaluadoras de trabajo de grado - Pregrado,"BLANCA MYRIAM SALGUERO LONDONO,", UNIVERSIDAD DE IBAGUÉ, Administración Ambiental, Juan Pablo Corredor Grajales,Esta información no suele aparecer en los CvLACs,,,
Blanca Myriam SALGUERO LONDOÑO, DINÁMICA DE ÓXIDOS ATMOFÉRICOS Y SU RELACIÓN CON ÍNDICES DE CALIDAD DE AIRE BASADOS EN COMUNIDADES LIQUÉNICAS EN LA CIUDAD DE IBAGUÉ, Jurado/Comisiones evaluadoras de trabajo de grado - Pregrado,"BLANCA MYRIAM SALGUERO LONDONO,", UNIVERSIDAD DE IBAGUÉ, Administración Ambiental, Paola Cano Mendez y Angie Margarita Quiroga Lopez,Esta información no suele aparecer en los CvLACs,,,
Maximiliano Machado Higuera, Errores de los tipos de presentación del concepto de función que representan los estudiantes de la Licenciatura en Matemáticas y Física en la Universidad del Tolima, Jurado/Comisiones evaluadoras de trabajo de grado - Pregrado,"MAXIMILIANO MACHADO HIGUERA,", UNIVERSIDAD DEL TOLIMA, Licenciado en Matemáticas y Física, Flor Alba Lozano,Esta información no suele aparecer en los CvLACs,"Concepto de función,","Ciencias Naturales -- Matemática -- Matemáticas Puras,",
Maximiliano Machado Higuera, Autoevaluacion Parcial del Programa de Matematicas con Enfasis en Estadistica, Jurado/Comisiones evaluadoras de trabajo de grado - Pregrado,"MAXIMILIANO MACHADO HIGUERA,", UNIVERSIDAD DEL TOLIMA, Matematicas con Enfasis en Estadistica, Erica Rocío Gutierrez Soto,Esta información no suele aparecer en los CvLACs,,"Ciencias Naturales -- Matemática -- Estadísticas y Probabilidades (Investigación en Metodologías),",
Maximiliano Machado Higuera," Modelamiento, simulación y control del proceso de extracción de aceite vegetal por estrusión", Jurado/Comisiones evaluadoras de trabajo de grado - Maestría,"MAXIMILIANO MACHADO HIGUERA,", UNIVERSIDAD DE IBAGUÉ, Maestria en Ingeniería de Control Industrial,,Esta información no suele aparecer en los CvLACs,,,
Maximiliano Machado Higuera, Implementación de un modelo matemático para la determinación de la efusividad térmica del silicio poroso tipo N, Jurado/Comisiones evaluadoras de trabajo de grado - Pregrado,"MAXIMILIANO MACHADO HIGUERA,", UNIVERSIDAD DEL TOLIMA, Matematicas con Enfasis en Estadistica, Paula Andrea Leal Varón,Esta información no suele aparecer en los CvLACs,,,
Maximiliano Machado Higuera, Identificación y Control Aplicado a un Modelo CFD que Describe el Fenómeno de Transferencia de Calor en Flujo Cruzado a un Cilindro Horizontal, Jurado/Comisiones evaluadoras de trabajo de grado - Maestría,"MAXIMILIANO MACHADO HIGUERA,", UNIVERSIDAD DE IBAGUÉ, Maestría en Ingeniería de Control, Hector F Montealegre,Esta información no suele aparecer en los CvLACs,,,
Maximiliano Machado Higuera, Diseño de un Sistema de Control en Digestión Anaerobia Mediante el Monitoréo de Materia Orgánica por Espectrometría UV-VIS, Jurado/Comisiones evaluadoras de trabajo de grado - Maestría,"MAXIMILIANO MACHADO HIGUERA,", UNIVERSIDAD DE IBAGUÉ, Maestría en Ingeniería de Control, Wilmer Tavera,Esta información no suele aparecer en los CvLACs,,,
Edison Humberto Osorio López, Qumica de especies Inertes: nuevas especies de Metales nobles y gases nobles, Jurado/Comisiones evaluadoras de trabajo de grado - Maestría,"EDISON HUMBERTO OSORIO LOPEZ,", UNIVERSIDAD DE ANTIOQUIA, Maestria en Ciencias Quimicas, Norberto Moreno Prieto,Esta información no suele aparecer en los CvLACs,,,
Edison Humberto Osorio López, CARACTERIZACIÓN ESTRUCTURAL Y ENERGÉTICA DE HETEROAGREGADOS CARBONATO DE DIETILO ¿ AGUA: EXPLORACIÓN DEL ESPACIO CONFORMACIONAL, Jurado/Comisiones evaluadoras de trabajo de grado - Maestría,"EDISON HUMBERTO OSORIO LOPEZ,", UNIVERSIDAD DE ANTIOQUIA, Maestria en Ciencias Quimicas, Juan David Ripoll Sepúlveda,Esta información no suele aparecer en los CvLACs,,,
Jorge Enrique GARCIA MELO, ESTUDIO LIMNOLÓGICO DE LA CUENCA DEL RIO COELLO (DEPARTAMENTO DEL TOLIMA)CON ESPECIAL REFERENCIA AL ORDEN EPHEMEROPTERA (CLASE INSECTA), Jurado/Comisiones evaluadoras de trabajo de grado - Pregrado,"JORGE ENRIQUE GARCIA MELO,", UNIVERSIDAD DEL TOLIMA, Licenciatura En Biología y Química, ADRIANA MARCEL A TORRES,Esta información no suele aparecer en los CvLACs,,"Ciencias Naturales -- Ciencias Biológicas -- Zoología, Ornitología, Entomología, Ciencias Biológicas del Comportamiento,","Captación, tratamiento y distribución de agua, limpieza urbana, aguas residuales y actividades conexas,"
Jorge Enrique GARCIA MELO, Caracterización y evaluación de la avifauna en diferentes unidades de cobertura en el parque ecológico la poma y sus áreas de influencia en un bosque alto andino: con propósitos de conservación., Jurado/Comisiones evaluadoras de trabajo de grado - Pregrado,"JORGE ENRIQUE GARCIA MELO,", UNIVERSIDAD DEL TOLIMA, Biología, Diana Lucia Fontanilla,Esta información no suele aparecer en los CvLACs,"Ecología,","Ciencias Naturales -- Ciencias Biológicas -- Ecología,","Productos y servicios para la defensa y protección del medio ambiente, incluyendo el desarrollo sostenible.,"
Jorge Enrique GARCIA MELO," Caracterización de la dieta y la ecología alimenticia de un grupo de Choibo o mono araña del Magdalena (Ateles hibridus hybridus, Goeffroyi ¿ St. Hilaire 1829), en un fragmento de bosque de la serranía de las Quinchas, departamento de Boyacá¿.", Jurado/Comisiones evaluadoras de trabajo de grado - Pregrado,"JORGE ENRIQUE GARCIA MELO,", UNIVERSIDAD DEL TOLIMA, Biología, Liz Johana Cubillo Díaz,Esta información no suele aparecer en los CvLACs,"Ecología,","Ciencias Naturales -- Ciencias Biológicas -- Ecología,","Productos y servicios para la defensa y protección del medio ambiente, incluyendo el desarrollo sostenible.,"
Jorge Enrique GARCIA MELO, Cararacterización de la Avifauna de la Cuenca del río Prado, Jurado/Comisiones evaluadoras de trabajo de grado - Pregrado,"JORGE ENRIQUE GARCIA MELO,", UNIVERSIDAD DEL TOLIMA, Biología, Ronald Maurico Parra,Esta información no suele aparecer en los CvLACs,"Ecología,","Ciencias Naturales -- Ciencias Biológicas -- Ecología,",
Jorge Enrique GARCIA MELO, La educación ambiental como un proyecto pedagógico en la conservación de la fauna Chiroptera en Jardín Botánico San Jorge, Jurado/Comisiones evaluadoras de trabajo de grado - Pregrado,"JORGE ENRIQUE GARCIA MELO,", UNIVERSIDAD DEL TOLIMA, Licenciatura, Katherine Ibeth Castañeda y Marin Guiselle Cadena Viña,Esta información no suele aparecer en los CvLACs,,,
Olimpo Jose Garcia Beltran," QUÍMICA, ACTIVIDADA LARVICIDA SOBRE Aedes aegypti Y EVALUACIÓN ANTIOXIDANTE DEL EXTRACTO TOTAL EN ETANOL DE LAS HOJAS SECAS EN Croton", Jurado/Comisiones evaluadoras de trabajo de grado - Pregrado,"OLIMPO JOSE GARCIA BELTRAN,", UNIVERSIDAD DE SUCRE, Biología, Carlos Mario Carpio Zabaleta - David Estrada Reyes,Esta información no suele aparecer en los CvLACs,,,
Olimpo Jose Garcia Beltran, Evaluación de la actividad antifúngica y antibacteriana del extracto etanólico de total de la hoja de Pedilanthus tithymaloides L Poit (Ultimorrial), Jurado/Comisiones evaluadoras de trabajo de grado - Pregrado,"OLIMPO JOSE GARCIA BELTRAN,", UNIVERSIDAD DE SUCRE, Biología con énfasis en biotecnología, Rita Marquez,Esta información no suele aparecer en los CvLACs,,,
Olimpo Jose Garcia Beltran, Química preliminar y evaluación de la actividad hemostática del extracto etanólico de la corteza de la especie Brownea ariza (Leguminosae: Caesalpinioideae), Jurado/Comisiones evaluadoras de trabajo de grado - Pregrado,"OLIMPO JOSE GARCIA BELTRAN,", UNIVERSIDAD DE SUCRE, Biología con énfasis en biotecnología, Rita Marquez,Esta información no suele aparecer en los CvLACs,,,
Olimpo Jose Garcia Beltran, Quimiosensores de mercurio miscibles en agua basados en fenilenvinileno-terpiridina, Jurado/Comisiones evaluadoras de trabajo de grado - Maestría,"OLIMPO JOSE GARCIA BELTRAN,", UNIVERSIDAD NACIONAL DE COLOMBIA SEDE BOGOTA, Maestría en Ciencias Química, FREDY GIOVANY ORTIZ CALDERON,Esta información no suele aparecer en los CvLACs,,,
Olimpo Jose Garcia Beltran, Química preliminar y evaluación de la actividad antibacterial del extracto etanólico del tallo de Matelea marítima (Asclepiadaceae), Jurado/Comisiones evaluadoras de trabajo de grado - Pregrado,"OLIMPO JOSE GARCIA BELTRAN,", UNIVERSIDAD DE SUCRE, Biología con énfasis en biotecnología, Rita Marquez,Esta información no suele aparecer en los CvLACs,,,
Olimpo Jose Garcia Beltran, Propuesta para la Gestión Integral de proyectos de investigación. Caso aplicado: Universidad de Ibagué, Jurado/Comisiones evaluadoras de trabajo de grado - Maestría,"OLIMPO JOSE GARCIA BELTRAN,", UNIVERSIDAD DE IBAGUÉ, Maestría en Gerencia de la Calidad, Helga Patricia Bermeo,Esta información no suele aparecer en los CvLACs,,,
Olimpo Jose Garcia Beltran," EVALUACIÓN DE LA CASCARILLA DE ARROZ BAJO DIFERENTES TRATAMIENTOS TÉRMICOS, COMO MATERIAL PARA LA REMOCIÓN DE CROMO (VI) Y MERCURIO (II) EN SOLUCIÓN ACUOSA", Jurado/Comisiones evaluadoras de trabajo de grado - Pregrado,"OLIMPO JOSE GARCIA BELTRAN,", UNIVERSIDAD DEL TOLIMA, Biología, LUIS FERNANDO RODRIGUEZ HERRERA,Esta información no suele aparecer en los CvLACs,,,
Olimpo Jose Garcia Beltran, EVALUACIÓN DEL EFECTO ANTITUMORAL DE LOS FITOFÁRMACOS Opuntia cochenillifera y Anonna muricata EN UN MODELO IN VITRO DE GLIOBLASTOMA MULTIFORME, Jurado/Comisiones evaluadoras de trabajo de grado - Doctorado,"OLIMPO JOSE GARCIA BELTRAN,", UNIVERSIDAD DEL TOLIMA, Doctorado en Ciencias Biológicas, Liliana Francis Turner,Esta información no suele aparecer en los CvLACs,,,
Olimpo Jose Garcia Beltran, Evaluación de la actividad antimicrobiana sobre Burkholderia glumae de los fermentos producidos por hongos rizosféricos aislados en cultivos de arroz, Jurado/Comisiones evaluadoras de trabajo de grado - Pregrado,"OLIMPO JOSE GARCIA BELTRAN,", UNIVERSIDAD DEL TOLIMA, Biología, Jonh Jairo Méndez Arteaga,Esta información no suele aparecer en los CvLACs,,,
Olimpo Jose Garcia Beltran," Fitoalexina en lima Tahíti (Citrus latifolia); evaluación de la composición, actividad antifúngica e inducción por elicitores", Jurado/Comisiones evaluadoras de trabajo de grado - Maestría,"OLIMPO JOSE GARCIA BELTRAN,", UNIVERSIDAD NACIONAL DE COLOMBIA SEDE MEDELLÍN, Maestría en Ciencias Químicas, Diego Luis Durango Restrepo,Esta información no suele aparecer en los CvLACs,,,
Hernán Javier   Herrera  Suárez, ESTUDIO DE LAS PROPIEDADES MÁGNÉTICAS Y ESTRUCTURALES DE ALEACIONES DE POLVOS Fe50Al50-xBx OBTENIDAS POR ALEAMIENTO MECÁNICO, Jurado/Comisiones evaluadoras de trabajo de grado - Maestría,"HERNAN JAVIER HERRERA SUAREZ,", UNIVERSIDAD DEL TOLIMA, Maestría en Física, Carolina López,Esta información no suele aparecer en los CvLACs,,,
Hernán Javier   Herrera  Suárez," ¿CALCULO DEL ESTADO BASE DE UN POZO CUÁNTICO SEMICONDUCTOR DE TIPO CAUCHY EN PRESENCIA DE UN CAMPO ELÉCTRICO""", Jurado/Comisiones evaluadoras de trabajo de grado - Maestría,"HERNAN JAVIER HERRERA SUAREZ,", UNIVERSIDAD DEL TOLIMA, Maestría en Física, Huberney Celemín Sánchez,Esta información no suele aparecer en los CvLACs,,,
Alexander Cortés Soto," Efecto del tiempo de molienda en el tamaño de partícula y en las propiedades estructurales, electrónicas y magnéticas de muestras de aleaciones nano estructuradas en el sistema Fe50Si50, preparadas por aleamiento mecánico y mezcladas con surfactante", Jurado/Comisiones evaluadoras de trabajo de grado - Maestría,"ALEXANDER CORTES SOTO,", UNIVERSIDAD DEL TOLIMA, Maestría en Ciencias-Física,  Humberto Bustos Rodríguez,Esta información no suele aparecer en los CvLACs,,,
Alexander Cortés Soto," Estudio de propiedades minerológicas, estructurales y electrónicas de muestras de suelos desorientados cultivados con caña de azúcar en el departamento del valle del cauca y norte del cauca", Jurado/Comisiones evaluadoras de trabajo de grado - Maestría,"ALEXANDER CORTES SOTO,", UNIVERSIDAD DEL TOLIMA, Maestría en Ciencias-Física, Fiaban Mauricio Vargas Fontalvo,Esta información no suele aparecer en los CvLACs,,,
Alexander Cortés Soto, Estudio de las propiedades estructurales y magnéticas del sistema Gd0.257Fe 0.743 obtenidas por aleamiento mécanico, Jurado/Comisiones evaluadoras de trabajo de grado - Maestría,"ALEXANDER CORTES SOTO,", UNIVERSIDAD DEL TOLIMA, Maestría en Ciencias-Física, Yebrayl Antonio Rojas.,Esta información no suele aparecer en los CvLACs,,,
Alexander Cortés Soto, Estudio de las propiedades de transporte eléctrico de la cobaltita YBaCo4O7 por medio de mediciones de termopotencia, Jurado/Comisiones evaluadoras de trabajo de grado - Maestría,"ALEXANDER CORTES SOTO,", UNIVERSIDAD NACIONAL DE COLOMBIA SEDE MEDELLÍN, Ingeniería de Materiales y Proceso, Angélica María Galeano Gaviria,Esta información no suele aparecer en los CvLACs,,"Ingeniería y Tecnología -- Ingeniería de los Materiales -- Cerámicos,",
Alexander Cortés Soto, ESTUDIO DE PROPIEDADES MAGNÉTICAS Y ESTRUCTURALES DE LAS ALEACIONES Nd2Fe14B y Fe93.274Si6.726 PRODUCIDAS POR ALEAMIENTO MECÁNICO CON SURFACTANTE, Jurado/Comisiones evaluadoras de trabajo de grado - Maestría,"ALEXANDER CORTES SOTO,", UNIVERSIDAD DEL TOLIMA, Maestría en Ciencias-Física, Juan Pablo Perafán Herrera,Esta información no suele aparecer en los CvLACs,"Espectroscopía Mossbauer,","Ciencias Naturales -- Ciencias Físicas -- Física de la Materia,",
Lida Marcela Franco Pérez, DIVERSIDAD Y ASPECTOS TRÓFICOS DE LOS MURCIÉLAGOS (PHYLLOSTOMIDAE: STENODERMATINI) EN DOS FRAGMENTOS DE BOSQUE SECO TROPICAL EN EL NORTE DEL TOLIMA, Jurado/Comisiones evaluadoras de trabajo de grado - Maestría,"LIDA MARCELA FRANCO PEREZ,",, BIOLOGIA, GLADYS REINOSO FLOREZ,Esta información no suele aparecer en los CvLACs,,,
Lida Marcela Franco Pérez," DIETA Y PATRONES DE ACTIVIDAD DEL MONO NOCTURNO (Aotus griseimembra) EN UN FRAGMENTO DE BOSQUE SECO TROPICAL EN EL MUNICIPIO DE AMBALEMA, DEPARTAMENTO DE TOLIMA", Jurado/Comisiones evaluadoras de trabajo de grado - Maestría,"LIDA MARCELA FRANCO PEREZ,",, BIOLOGIA, ERWIN PALACIOS,Esta información no suele aparecer en los CvLACs,,,
Lida Marcela Franco Pérez, Efecto de la dieta de ácidos grasos en la regulación del sopor en el marsupial Dromiciops gliroides, Jurado/Comisiones evaluadoras de trabajo de grado - Pregrado,"LIDA MARCELA FRANCO PEREZ,", UNIVERSIDAD AUSTRAL DE CHILE, Licenciatura en Ciencias Biológicas, Carolina Isabel Contreras,Esta información no suele aparecer en los CvLACs,,,
Lida Marcela Franco Pérez," DISTRIBUCIÓN, ESTADO DE CONSERVACIÓN Y CALIDAD DE HÁBITAT DE LA NUTRIA Lontra longicaudis EN LAGUNA GUERRERO Y LAGUNA DE BACALAR, ESTADO DE QUINTANA ROO, MÉXICO", Jurado/Comisiones evaluadoras de trabajo de grado - Pregrado,"LIDA MARCELA FRANCO PEREZ,",, BIOLOGIA, NATALY CASTELBLANCO MARTÍNEZ,Esta información no suele aparecer en los CvLACs,,,
Lida Marcela Franco Pérez, DENSIDAD POBLACIONAL DE Saguinus leucopus EN HÁBITATS CONSERVADOS Y DEGRADADOS EN EL DEPARTAMENTO DE CALDAS., Jurado/Comisiones evaluadoras de trabajo de grado - Pregrado,"LIDA MARCELA FRANCO PEREZ,",, BIOLOGIA, LINA MARÍA VALENCIA,Esta información no suele aparecer en los CvLACs,,,
Lida Marcela Franco Pérez," PREFERENCIA ALIMENTARIA Y PATRÓN DE COMPORTAMIENTO DE UN GRUPO DE Aotus griseimembra EN UN FRAGMENTO DE BOSQUE SECO TROPICAL (BST) EN EL MUNICIPIO DE AMBALEMA, TOLIMA", Jurado/Comisiones evaluadoras de trabajo de grado - Pregrado,"LIDA MARCELA FRANCO PEREZ,",, BIOLOGIA, Emma Yicel Galindo Espinosa,Esta información no suele aparecer en los CvLACs,,,
Lida Marcela Franco Pérez, CARACTERIZACIÓN DE LA BIOACUMULACIÓN DE PESTICIDAS EN CULTIVOS DE LIMÓN MEDIANTE CROMATOGRAFÍA DE GASES, Jurado/Comisiones evaluadoras de trabajo de grado - Pregrado,"LIDA MARCELA FRANCO PEREZ,"," FACULTAD DE CIENCIAS, UNIVERSIDAD DE IBAGUE", ADMINISTRACIÓN AMBIENTAL, Dr. Olimpo Jose Garcia,Esta información no suele aparecer en los CvLACs,,,
Lida Marcela Franco Pérez," EFECTO DE INCREMENTOS EN LA TEMPERATURA DE INCUBACION SOBRE EL DESARROLLO EMBRIONARIO, CRECIMIENTO Y DESEMPEÑO LOCOMOTOR EN RENACUAJOS DE ANUROS", Jurado/Comisiones evaluadoras de trabajo de grado - Pregrado,"LIDA MARCELA FRANCO PEREZ,", UNIVERSIDAD DEL TOLIMA, BIOLOGIA, Dr. Manuel Bernal,Esta información no suele aparecer en los CvLACs,,,
Lida Marcela Franco Pérez," Evaluación del estado poblacional del Oso Andino (Tremarctos ornatus) como herramienta para su conservación y la gestión del bosque de Galilea, Tolima.", Jurado/Comisiones evaluadoras de trabajo de grado - Maestría,"LIDA MARCELA FRANCO PEREZ,", UNIVERSIDAD DEL TOLIMA, Gestión Ambiental y Evaluación de Impacto Ambiental, Hermes David Juez Pardo,Esta información no suele aparecer en los CvLACs,,,
Lida Marcela Franco Pérez," COMPOSICIÓN FUNCIONAL Y CRITERIOS DE SELECCIÓN PARA EL ARBOLADO URBANO DE LA COMUNA 3 EN IBAGUÉ, COLOMBIA", Jurado/Comisiones evaluadoras de trabajo de grado - Pregrado,"LIDA MARCELA FRANCO PEREZ,", UNIVERSIDAD DEL TOLIMA, INGENIERIA FORESTAL, RAFAEL NÚÑEZ FLÓREZ,Esta información no suele aparecer en los CvLACs,,,
Lida Marcela Franco Pérez," Incidencia de la radiación UV-B y la hipoxia acuática sobre la toxicidad del herbicida 2,4 D y el insecticida Imidacloprid en anuros", Jurado/Comisiones evaluadoras de trabajo de grado - Doctorado,"LIDA MARCELA FRANCO PEREZ,", UNIVERSIDAD DEL TOLIMA, Doctorado en Ciencias Biológicas, Maria Teofila Triana,Esta información no suele aparecer en los CvLACs,,,
Lida Marcela Franco Pérez," Comportamiento y fisiología Térmica de Anolis huilae (Squamata, Dactyloidae)", Jurado/Comisiones evaluadoras de trabajo de grado - Maestría,"LIDA MARCELA FRANCO PEREZ,", UNIVERSIDAD DEL TOLIMA, Maestría en Ciencias Biológicas, DAVID ALFONSO BEJARANO BONILLA,Esta información no suele aparecer en los CvLACs,,,
Jeferson  Fernando Piamba JIMENEZ," EFECTO DEL CROMO EN LAS PROPIEDADES MAGNÉTICAS Y ESTRUCTURALES DE LAS ALEACIONES Mn57-xAl43Crx (x = 0.51,0.91, 1.51) Y Mn53.3-XAl45C1,7Crx (x = 0.0, 0.5, 1.0, 1.5, 2.0, 2.5)", Jurado/Comisiones evaluadoras de trabajo de grado - Maestría,"JEFERSON FERNANDO PIAMBA JIMENEZ,", UNIVERSIDAD DEL VALLE, Maestría en Ciencias - Física," Germán Antonio Pérez,",Esta información no suele aparecer en los CvLACs,,,
BILMA ADELA FLORIDO CUELLAR, EVALUACIÓN DEL DESEMPEÑO AMBIENTAL BAJO LA NTC ISO 14031 PARA EL HOTEL DULIMA IBAGUÉ, Jurado/Comisiones evaluadoras de trabajo de grado - Pregrado,"BILMA ADELA FLORIDO CUELLAR,", UNIVERSIDAD DE IBAGUÉ, Administración Ambiental, KAREN JULIANA DÍAZ BARRERO,Esta información no suele aparecer en los CvLACs,,,
BILMA ADELA FLORIDO CUELLAR, DIAGNOSTICO AMBIENTAL PARA LA IMPLEMENTACIÓN DE UN S.G.A. CON LA NTC ISO 14001 PARA LA EMPRESA PROCESOS Y ACABADOS S.A.S. DE LA CIUDAD DE IBAGUE TOLIMA, Jurado/Comisiones evaluadoras de trabajo de grado - Pregrado,"BILMA ADELA FLORIDO CUELLAR,", UNIVERSIDAD DE IBAGUÉ, Administración Ambiental," FELIPE BARRIOS ÑUNGO, DANIEL FERNANDO OSPINA ARIAS",Esta información no suele aparecer en los CvLACs,,,
BILMA ADELA FLORIDO CUELLAR, EVALUACION DE LOS NIVELES DE PRESIÓN SONORA EN CUATRO COMUNAS DE LA CIUDAD DE IBAGUÉ, Jurado/Comisiones evaluadoras de trabajo de grado - Pregrado,"BILMA ADELA FLORIDO CUELLAR,", UNIVERSIDAD DE IBAGUÉ, Administración Ambiental, JUAN PABLO CORREDOR GRAJALES,Esta información no suele aparecer en los CvLACs,,,
Natalie Charlotte Cortés Rendón, Cultivo In vitro de tejidos vegetales de plantas del género Zephyranthes y evaluación de su producción de alcaloides, Jurado/Comisiones evaluadoras de trabajo de grado - Pregrado,"NATALIE CHARLOTTE CORTES RENDON,", UNIVERSIDAD ICESI, Quimica Farmaceutica,,Esta información no suele aparecer en los CvLACs,"Amaryllidaceae,",,
Natalie Charlotte Cortés Rendón, Síntesis de derivados del ácido-1-oxo-indano-4-carboxílico y evaluación de su efecto elicitor de isoflavonoides bioactivos en soya (Glycine max L), Jurado/Comisiones evaluadoras de trabajo de grado - Maestría,"NATALIE CHARLOTTE CORTES RENDON,", UNIVERSIDAD NACIONAL DE COLOMBIA SEDE MEDELLÍN, MAESTRIA EN CIENCIAS - QUIMICA, Karen Daniela Gómez López,Esta información no suele aparecer en los CvLACs,,,
Natalie Charlotte Cortés Rendón, Optimización de la producción de alcaloides en plantas de Zephyranthes caratina cultivadas in vitro en Sistemas de Inmersión Temporal, Jurado/Comisiones evaluadoras de trabajo de grado - Maestría,"NATALIE CHARLOTTE CORTES RENDON,", UNIVERSIDAD ICESI, Maestría en Ciencias Biotecnología, Juan Fernando Martínez Hernández,Esta información no suele aparecer en los CvLACs,,,
Natalie Charlotte Cortés Rendón, Optimización de la producción de alcaloides en plantas de Zephyranthes carinata cultivadas in vitro en Sistemas de Inmersión Temporal, Jurado/Comisiones evaluadoras de trabajo de grado - Maestría,"NATALIE CHARLOTTE CORTES RENDON,", UNIVERSIDAD ICESI, Maestría en Ciencias Biotecnología, Juan Fernando Martínez,Esta información no suele aparecer en los CvLACs,,,
Natalie Charlotte Cortés Rendón, Evaluación del efecto de metil jasmonato y ácido jasmonico en la liberación de alcaloides producidos in vitro en Zephyranthes carinata, Jurado/Comisiones evaluadoras de trabajo de grado - Pregrado,"NATALIE CHARLOTTE CORTES RENDON,", UNIVERSIDAD ICESI, Quimica Farmaceutica, Daniel Alisandre Valverde,Esta información no suele aparecer en los CvLACs,,,
Natalie Charlotte Cortés Rendón," EVALUACIÓN DE LA CALIDAD ATMOSFÉRICA EN ZONAS DE TRÁFICO VEHICULAR Y ZONAS VERDES EN EL MUNICIPIO DE MELGAR-TOLIMA, POR MEDIO DE ÍNDICES BASADOS EN COMUNIDADES LIQUÉNICAS", Jurado/Comisiones evaluadoras de trabajo de grado - Pregrado,"NATALIE CHARLOTTE CORTES RENDON,", UNIVERSIDAD DE IBAGUÉ, Administración Ambiental,,Esta información no suele aparecer en los CvLACs,,,
Natalie Charlotte Cortés Rendón," ASPECTOS TOXICOLÓGICOS Y TOXINOLÓGICOS DE HEMBRAS Y MACHOS DE LA ARAÑA Phoneutria boliviensis (F. O. Pickard-Cambridge, 1897)", Jurado/Comisiones evaluadoras de trabajo de grado - Pregrado,"NATALIE CHARLOTTE CORTES RENDON,", UNIVERSIDAD DE IBAGUÉ, Administración Ambiental, JUAN NICOLAS CORTES BARRIOS,Esta información no suele aparecer en los CvLACs,,,
Natalie Charlotte Cortés Rendón," RELACIÓN DE LA ACTIVIDAD UREÁSICA Y LA RESPIRACIÓN BASAL DEL SUELO EN UN AGROECOSISTEMA DEL MUNICIPIO DE IBAGUÉ, TOLIMA", Jurado/Comisiones evaluadoras de trabajo de grado - Pregrado,"NATALIE CHARLOTTE CORTES RENDON,", UNIVERSIDAD DE IBAGUÉ, Administración Ambiental,,Esta información no suele aparecer en los CvLACs,,,
Natalie Charlotte Cortés Rendón, IDENTIFICACION DE LOS METABOLITOS SECUNDARIOS DE LÍQUENES DEL GÉNERO Sticta PROCEDENTES DEL PÁRAMO DE ANAIME (ANAIME-TOLIMA), Jurado/Comisiones evaluadoras de trabajo de grado - Pregrado,"NATALIE CHARLOTTE CORTES RENDON,", UNIVERSIDAD DE IBAGUÉ, Administración Ambiental,,Esta información no suele aparecer en los CvLACs,,,
Carlos Eduardo Beltran Reyes, Diseño de una familia Ortonormal Wavelet basado en los principios de la matemática de la armonía, Jurado/Comisiones evaluadoras de trabajo de grado - Pregrado,"CARLOS EDUARDO BELTRAN REYES,", UNIVERSIDAD DE IBAGUÉ, ingenieria  electronica, Michael Alexander Ramírez Sierra,Esta información no suele aparecer en los CvLACs,,,
Luz Esther  González REYES," Estudio de la influencia de la cobertura de óxidos en la interacción radiación-materia en moléculas de grafeno, experimentos en sílice usando el método de Monte Carlo", Jurado/Comisiones evaluadoras de trabajo de grado - Doctorado,"LUZ ESTHER GONZALEZ REYES,", UNIVERSIDAD DEL QUINDÍO, FISICA, Jhon Jairo Prías Barragán,Esta información no suele aparecer en los CvLACs,,,
Luz Esther  González REYES, Radiation-matter interaction mechanisms in graphene- based materials, Jurado/Comisiones evaluadoras de trabajo de grado - Doctorado,"LUZ ESTHER GONZALEZ REYES,", UNIVERSIDAD DEL QUINDÍO, FISICA, Jhon Jairo Prias Barragán,Esta información no suele aparecer en los CvLACs,,,
Juan Carlos cardeño Ardila, sobre el truncamiento de una superficie reglada, Jurado/Comisiones evaluadoras de trabajo de grado - Pregrado,"JUAN CARLOS CARDENO ARDILA,", UNIVERSIDAD PEDAGÓGICA Y TECNOLÓGICA DE COLOMBIA, Ciencias, Luis enrique Hernández,Esta información no suele aparecer en los CvLACs,,"Ciencias Naturales -- Matemática -- Matemáticas Aplicadas,",
Tatiana Hernández Cifuentes, Una mirada infantil de los imaginarios urbanos de Ibagué desde la Fundación Sinfonía casa de arte, Jurado/Comisiones evaluadoras de trabajo de grado - Pregrado,"TATIANA HERNANDEZ CIFUENTES,", UNIVERSIDAD DE IBAGUÉ, Comunicación social y periodismo,  Manuela Navarrete Solórzano,Esta información no suele aparecer en los CvLACs,,,
Luz Adriana Sánchez Echeverri, DESARROLLO DE UN PROGRAMA DE PRODUCCIÓN MÁS LIMPIA EN UNA EMPRESA AGROINDUSTRIAL EN LA CIUDAD DE IBAGUÉ, Jurado/Comisiones evaluadoras de trabajo de grado - Pregrado,"LUZ ADRIANA SANCHEZ ECHEVERRI,", UNIVERSIDAD DE IBAGUÉ, Administración Ambiental, Sebastián Vila,Esta información no suele aparecer en los CvLACs,,,
Luz Adriana Sánchez Echeverri," Evaluación de las tazas de café mediante el método Honey en contraste al método húmedo, en búsqueda del mejoramiento de la calidad de la finca Versalles", Jurado/Comisiones evaluadoras de trabajo de grado - Maestría,"LUZ ADRIANA SANCHEZ ECHEVERRI,", UNIVERSIDAD DE IBAGUÉ, MAESTRÍA EN GERENCIA DE LA CALIDAD, Jennifer Katherine Villanueva Ocampo,Esta información no suele aparecer en los CvLACs,,,
Luz Adriana Sánchez Echeverri, THERMO-MECHANICAL PERFORMANCE OF A POLY-LACTIC ACID (PLA) COMPOSITE REINFORCED WITH RICE HUSK CELLULOSE, Jurado/Comisiones evaluadoras de trabajo de grado - Maestría,"LUZ ADRIANA SANCHEZ ECHEVERRI,", UNIVERSIDAD DE LOS ANDES, Maestría en Ingeniería Química, Diego Alejandro Torres Giraldo,Esta información no suele aparecer en los CvLACs,,,
Luz Adriana Sánchez Echeverri, EVALUACION TECNICA DEL USO DE BIOMASAS RESIDUALES PARA LA REMOCIÓN DE CROMO DE AGUAS RESULTANTES DE LOS PROCESOS DE CURTIEMBRES REALIZADOS EN EL LABORATORIO DE POSCOSECHA DE LA UNIVERSIDAD DEL TOLIMA, Jurado/Comisiones evaluadoras de trabajo de grado - Maestría,"LUZ ADRIANA SANCHEZ ECHEVERRI,", UNIVERSIDAD DEL TOLIMA, Maestría en Ciencias Agroalimentarias,,Esta información no suele aparecer en los CvLACs,,,
Natalia Andrea Salazar Camacho," ESTIMACION TEORICA DEL PROCESO DE TRANSFORMACIÓN DEL MANGO (mangifera indica) Y APROVECHAMIENTO DE SUS SUBPRODUCTOS EN LOS MUNICIPIOS DE CHICORAL, ESPINAL Y GUALANDAY, DPTO DEL TOLIMA.", Jurado/Comisiones evaluadoras de trabajo de grado - Pregrado,"NATALIA ANDREA SALAZAR CAMACHO,", UNIVERSIDAD NACIONAL ABIERTA Y A DISTANCIA, Ingeniería de Alimentos, ALBA LEONOR GUERRERO RIVERA  y  MARIA ELENA CAMPOS CAMPOS,Esta información no suele aparecer en los CvLACs,,,
Natalia Andrea Salazar Camacho, Design of biorefineries with multiple raw materials for the use of agroindustrial waste in post-conflict zones in colombia, Jurado/Comisiones evaluadoras de trabajo de grado - Maestría,"NATALIA ANDREA SALAZAR CAMACHO,", UNIVERSIDAD NACIONAL DE COLOMBIA SEDE MANIZALES, Ingeniería Química, Sara Piedrahita Rodríguez,Esta información no suele aparecer en los CvLACs,,,
Natalia Andrea Salazar Camacho," Diseño de un modelo de gestión de calidad basado en las buenas prácticas de manufactura (BPM) y sanidad alimentaria en el comedor escolar de la institución educativa Carlos Lleras Restrepo, Municipio de Coello - Tolima", Jurado/Comisiones evaluadoras de trabajo de grado - Maestría,"NATALIA ANDREA SALAZAR CAMACHO,", UNIVERSIDAD DEL TOLIMA, MAESTRÍA EN CIENCIA Y TECNOLOGÍA AGROINDUSTRIAL, Cristopher Alberto Hernández Parra,Esta información no suele aparecer en los CvLACs,,,
Sergio Alejandro Balaguera Reina," EVALUACIÓN DE LA ABUNDANCIA Y EL HÁBITAT DE Crocodylus intermedius Y OTROS CROCODRILIANOS EN EL RIO BITA (VICHADA, COLOMBIA)", Jurado/Comisiones evaluadoras de trabajo de grado - Maestría,"SERGIO ALEJANDRO BALAGUERA REINA,", UNIVERSIDAD NACIONAL DE COLOMBIA, Biología, Manuel Felipe Parra Torres,Esta información no suele aparecer en los CvLACs,,,
Sergio Alejandro Balaguera Reina, Efectos de la estructura del paisaje en la abundancia de mamíferos terrestres en paisajes dominados por palma de aceite, Jurado/Comisiones evaluadoras de trabajo de grado - Maestría,"SERGIO ALEJANDRO BALAGUERA REINA,", PONTIFICIA UNIVERSIDAD JAVERIANA, Conservación y Uso de Biodiversidad, GINA MABEL OLARTE GONZÁLEZ,Esta información no suele aparecer en los CvLACs,,,
Yair Guillermo Molina Martínez, Composição e riqueza de aves consumidoras de frutos de sub-bosque em cinco latitudes em uma área de Mata Atlântica no estado do Rio de Janeiro, Jurado/Comisiones evaluadoras de trabajo de grado - Pregrado,"YAIR GUILLERMO MOLINA MARTINEZ,", Universidade Federal Fluminense, Ciências Biológicas Bacharel, Livía Dias Calvalcante de Souza,Esta información no suele aparecer en los CvLACs,,,
Yair Guillermo Molina Martínez, DIAGNOSTICO DE VERTIMIENTOS DE AGUAS RESIDUALES EN EL RÍO GUALÍ DEL MUNICIPIO DE HONDA-TOLIMA, Jurado/Comisiones evaluadoras de trabajo de grado - Pregrado,"YAIR GUILLERMO MOLINA MARTINEZ,", UNIVERSIDAD DE IBAGUÉ, Administración Ambiental, ALEXANDRA CATALINA CLAVIJO TORRES Y ASMILLY YUSMAIRI VALENCIA LARA,Esta información no suele aparecer en los CvLACs,,,
Yair Guillermo Molina Martínez, DIVERSIDAD Y COMPOSICIÓN DE LÍQUENES CORTÍCOLAS EN EL ÁREA URBANA Y PERIURBANA DE LA CIUDAD DE IBAGUÉ-TOLIMA, Jurado/Comisiones evaluadoras de trabajo de grado - Pregrado,"YAIR GUILLERMO MOLINA MARTINEZ,", UNIVERSIDAD DE IBAGUÉ, Administración ambiental, ANDRES TAFUR CASTAÑO y LUIS MIGUEL TRUJILLO OSPINA,Esta información no suele aparecer en los CvLACs,,,
Yair Guillermo Molina Martínez, CALIFICACIÓN GENERALIZADA DE LOS ASPECTOS AMBIENTALES DE LA CIUDAD DE IBAGUE, Jurado/Comisiones evaluadoras de trabajo de grado - Maestría,"YAIR GUILLERMO MOLINA MARTINEZ,", UNIVERSIDAD DEL TOLIMA, Gestión Ambiental y Evaluación de Impacto Ambiental, JUAN PABLO LEYVA LONDOÑO,Esta información no suele aparecer en los CvLACs,,,
Yair Guillermo Molina Martínez, FORMULACIÓN DE UN PLAN DE MANEJO INTEGRAL DE RESIDUOS SOLIDOS EN LA EMPRESA GRUPO CAROLINA, Jurado/Comisiones evaluadoras de trabajo de grado - Pregrado,"YAIR GUILLERMO MOLINA MARTINEZ,", UNIVERSIDAD DE IBAGUÉ, Administración ambiental, GERMAN DAVID MARTINEZ BARRERO,Esta información no suele aparecer en los CvLACs,,,
Yair Guillermo Molina Martínez," PLAN DE GESTIÓN INTEGRAL DE RESIDUOS SÓLIDOS PARA LA R.N. ¿ORQUIDEAS DEL TOLIMA""", Jurado/Comisiones evaluadoras de trabajo de grado - Pregrado,"YAIR GUILLERMO MOLINA MARTINEZ,", UNIVERSIDAD DE IBAGUÉ, Administración ambiental, JESSICA ANDREA VALERO VARGAS,Esta información no suele aparecer en los CvLACs,,,
Yair Guillermo Molina Martínez, ANÁLISIS DEL CANTO DE Myiothlypis fulvicauda (Aves: Parulidae) EN CUERPOS DE AGUA CON DIFERENTE NIVEL DE RUIDO NATURAL DE IBAGUÉ-TOLIMA, Jurado/Comisiones evaluadoras de trabajo de grado - Pregrado,"YAIR GUILLERMO MOLINA MARTINEZ,", UNIVERSIDAD DEL TOLIMA, Biología, DANIELA VILLAMIZAR SOTO,Esta información no suele aparecer en los CvLACs,,,
Yair Guillermo Molina Martínez, Aproximación a la biología reproductiva y ecología del perico paramuno (Leptosittaca branickii) en los bosques altoandinos del municipio de Genova - Quindio, Jurado/Comisiones evaluadoras de trabajo de grado - Pregrado,"YAIR GUILLERMO MOLINA MARTINEZ,", UNIVERSIDAD DEL TOLIMA, Biología, Diego Andres Caranton Ayala,Esta información no suele aparecer en los CvLACs,,,
Yair Guillermo Molina Martínez," Uso del Habitat y aspectos comportamentales del paujil de pico azul (Crax alberti) en la reserva Natural de las aves del Paujil, serrania de las Quinchas (Boyaca- Santander) Colombia", Jurado/Comisiones evaluadoras de trabajo de grado - Pregrado,"YAIR GUILLERMO MOLINA MARTINEZ,", UNIVERSIDAD DEL TOLIMA, Biología, Luis Eduardo Urueña Guzman,Esta información no suele aparecer en los CvLACs,,,
Yair Guillermo Molina Martínez, Caracterización y uso de hábitat de la caminera tolimense (Leptotila conoveri) en la microcuenca de la quebrada Cay (Río Combeima), Jurado/Comisiones evaluadoras de trabajo de grado - Pregrado,"YAIR GUILLERMO MOLINA MARTINEZ,", UNIVERSIDAD DEL TOLIMA, Biología, Angelica Carvajal,Esta información no suele aparecer en los CvLACs,,,
Yair Guillermo Molina Martínez, Aproximación a la biología reproductiva Hapalopsittaca amazonina velezi en una localidad de la cordillera central, Jurado/Comisiones evaluadoras de trabajo de grado - Pregrado,"YAIR GUILLERMO MOLINA MARTINEZ,", UNIVERSIDAD DEL TOLIMA, Biología, Jeyson Senen Sanabria Mejia,Esta información no suele aparecer en los CvLACs,,,
Yair Guillermo Molina Martínez, Caracterizacion de la avifauna de la cuenca del Río Prado, Jurado/Comisiones evaluadoras de trabajo de grado - Pregrado,"YAIR GUILLERMO MOLINA MARTINEZ,", UNIVERSIDAD DEL TOLIMA, Biología, Ronald Mauricio Parra,Esta información no suele aparecer en los CvLACs,,,
Yair Guillermo Molina Martínez, APLICACIÓN DE UN MÉTODO AGROECOLÓGICO PARA LA EVALUACIÓN DE SOSTENIBILIDAD EN SISTEMAS PRODUCTIVOS DE CAFÉ EN EL MUNICIPIO DEL LÍBANO-TOLIMA., Jurado/Comisiones evaluadoras de trabajo de grado - Pregrado,"YAIR GUILLERMO MOLINA MARTINEZ,", UNIVERSIDAD DE IBAGUÉ, Administración Ambiental," Daniela Cifuentes Serrano,  Lina Maria Briñez Rodriguez",Esta información no suele aparecer en los CvLACs,,,
Yair Guillermo Molina Martínez, EVALUACIÓN PRELIMINAR DE LA CALIDAD ATMOSFÉRICA EN ZONAS VERDES DE LA CALIDAD DE IBAGUÉ A TRAVÉS DEL ESTUDIO DE LÍQUENES CORTÍCOLAS., Jurado/Comisiones evaluadoras de trabajo de grado - Pregrado,"YAIR GUILLERMO MOLINA MARTINEZ,", UNIVERSIDAD DE IBAGUÉ, Administración Ambiental," Cheryl Perez Martinez, Rafael Eduardo Gualteros Chala",Esta información no suele aparecer en los CvLACs,,,
Yair Guillermo Molina Martínez, ESTRATEGIA PARA CONSOLIDAR LA INFORMACIÓN DE LOS RESIDUOS SÓLIDOS CLASIFICADOS EN LA UNIVERSIDAD DE IBAGUÉ., Jurado/Comisiones evaluadoras de trabajo de grado - Pregrado,"YAIR GUILLERMO MOLINA MARTINEZ,", UNIVERSIDAD DE IBAGUÉ, Administración Ambiental, Angie Shalom Lopez Garzon,Esta información no suele aparecer en los CvLACs,,,
Yair Guillermo Molina Martínez, EFECTO DEL PESTICIDA NEÓNICOTINOIDE (IMIDACLOPRID) SOBRE LA TASA METABÓLICA ESTÁNDAR DE LARVAS DE Apis mellifera., Jurado/Comisiones evaluadoras de trabajo de grado - Pregrado,"YAIR GUILLERMO MOLINA MARTINEZ,", UNIVERSIDAD DE IBAGUÉ, Administración Ambiental, Ximena Alexandra Velandia Carvajal,Esta información no suele aparecer en los CvLACs,,,
Richard Clayton Doughman III, Reconstrucción de los procesos de comunicación y organización entre los habitantes de la vereda Cay parte baja a partir de sus emprendimiento, Jurado/Comisiones evaluadoras de trabajo de grado - Pregrado,"RICHARD CLAYTON DOUGHMAN III,", UNIVERSIDAD DE IBAGUÉ, COMUNICACION SOCIAL Y PERIODISMO, Maria José Cuesta Ospina y Nicolé Juliana Cerón Nonato,Esta información no suele aparecer en los CvLACs,,,
Richard Clayton Doughman III, El papel de las organizaciones internacionales en la erradicación del hambre en Colombia para el periodo 2010-2015: una mirada a partir de la seguridad alimentaria mundial, Jurado/Comisiones evaluadoras de trabajo de grado - Pregrado,"RICHARD CLAYTON DOUGHMAN III,", COLEGIO MAYOR NUESTRA SEÑORA DEL ROSARIO, Relaciones Internacionales, Paola Andrea Sanchez Gomez,Esta información no suele aparecer en los CvLACs,,"Ciencias Sociales -- Otras Ciencias Sociales -- Otras Ciencias Sociales,",
Richard Clayton Doughman III, CAMBIO TECNOLÓGICO EN COMUNIDADES GANADERAS DEL SUR DEL TOLIMA, Jurado/Comisiones evaluadoras de trabajo de grado - Maestría,"RICHARD CLAYTON DOUGHMAN III,", UNIVERSIDAD DEL TOLIMA, Maestría en Desarrollo Rural, CHRISTIAN HUMBERTO RODRIGUEZ LAVERDE,Esta información no suele aparecer en los CvLACs,,,
Richard Clayton Doughman III," EVALUACIÓN SOCIAL, ECONÓMICA Y AMBIENTAL DEL PROYECTO RED AGRICULTURA URBANA DE LA LOCALIDAD DE USAQUEN A FIN DE IDENTIFICAR EL IMPACTO GENERADO ENTRE LA COMUNIDAD", Jurado/Comisiones evaluadoras de trabajo de grado - Pregrado,"RICHARD CLAYTON DOUGHMAN III,", CORPORACIÓN UNIVERSITARIA MINUTO DE DIOS - UNIMINUTO, Ingeniería Agroecológica, William Guerra,Esta información no suele aparecer en los CvLACs,,"Ciencias Agrícolas -- Otras Ciencias Agrícolas -- Otras Ciencias Agrícolas,",
ALFREDO JOSE TORRES BENITEZ, IDENTIFICACIÓN QUÍMICA DE LOS METABOLITOS SECUNDARIOS DE Usnea rubicunda STIRTON Y EVALUACIÓN DE SU ACTIVIDAD ANTIOXIDANTE, Jurado/Comisiones evaluadoras de trabajo de grado - Pregrado,"ALFREDO JOSE TORRES BENITEZ,", UNIVERSIDAD DE IBAGUÉ, Administración Ambiental, Kelly Johanna Urrea Vallejo,Esta información no suele aparecer en los CvLACs,,,
ALFREDO JOSE TORRES BENITEZ, EXTRACCIÓN E IDENTIFICACIÓN DE LOS METABOLITOS SECUNDARIOS PRESENTES EN LIQUEN Usnea subfloridana Stirton, Jurado/Comisiones evaluadoras de trabajo de grado - Pregrado,"ALFREDO JOSE TORRES BENITEZ,", UNIVERSIDAD DE IBAGUÉ, Administración Ambiental, Angie Rocío Jiménez Carvajal,Esta información no suele aparecer en los CvLACs,,,
ALFREDO JOSE TORRES BENITEZ, EVALUACIÓN DE LA CANTIDAD DE NUTRIENTES DE HOJARASCA EN TRES FRAGMENTOS DE BOSQUE SECO TROPICAL EN EL TOLIMA, Jurado/Comisiones evaluadoras de trabajo de grado - Pregrado,"ALFREDO JOSE TORRES BENITEZ,", UNIVERSIDAD DE IBAGUÉ, Administración Ambiental, Diana Cristina Capera - Adriana Lucía Oliveros,Esta información no suele aparecer en los CvLACs,,,
ALFREDO JOSE TORRES BENITEZ, ANÁLISIS DEL ÍNDICE NORMALIZADO DE DIFERENCIA DE VEGETACIÓN (NDVI) EN LA ZONA SUR DEL DEPARTAMENTO DEL TOLIMA, Jurado/Comisiones evaluadoras de trabajo de grado - Pregrado,"ALFREDO JOSE TORRES BENITEZ,", UNIVERSIDAD DE IBAGUÉ, Ingeniería Civil, Diego Alejandro Segura Guzmán - Farly Stefany Bejarano Flórez,Esta información no suele aparecer en los CvLACs,,,
ALFREDO JOSE TORRES BENITEZ, ANÁLISIS DEL ÍNDICE NORMALIZADO DE DIFERENCIA DE VEGETACIÓN (NDVI) EN LA ZONA ORIENTE DEL DEPARTAMENTO DEL TOLIMA, Jurado/Comisiones evaluadoras de trabajo de grado - Pregrado,"ALFREDO JOSE TORRES BENITEZ,", UNIVERSIDAD DE IBAGUÉ, Ingeniería Civil, Edwin Caicedo Sterling - Rossana Karina Peña Barrera,Esta información no suele aparecer en los CvLACs,,,
Miguel César Moreno Palacios," COMPOSICIÓN, ESTRUCTURA Y DIETA DE LA QUIROPTEROFAUNA (EMBALLONURIDAE, MORMOOPIDAE, VESPERTILIONIDAE Y MOLOSSIDAE) EN PAISAJES FRAGMENTADOS DE LAS ZONAS BAJAS DEL DEPARTAMENTO DEL TOLIMA", Jurado/Comisiones evaluadoras de trabajo de grado - Maestría,"MIGUEL CESAR MORENO PALACIOS,", UNIVERSIDAD DEL TOLIMA, Maestría en Ciencias Biológicas, Leidy Azucena Ramírez Fráncel,Esta información no suele aparecer en los CvLACs,,,
Miguel César Moreno Palacios," CONTRIBUCIÓN DE LOS HÁBITATS LINEALES (BOSQUES DE GALERÍA, CERCAS VIVAS Y CANALES ARBOLADOS) EN EL ESTABLECIMIENTO DE LA AVIFAUNA EN EL PAISAJE FRAGMENTADO DEL NORTE DEL TOLIMA", Jurado/Comisiones evaluadoras de trabajo de grado - Pregrado,"MIGUEL CESAR MORENO PALACIOS,", UNIVERSIDAD DEL TOLIMA, Biología, PAULA YOJANA MOJOCOA ESCOBAR,Esta información no suele aparecer en los CvLACs,,,
Miguel César Moreno Palacios," EXTRACCIÓN, SEPARACIÓN Y PURIFICACIÓN DE METABOLITOS SECUNDARIOS MAYORITARIOS DE LA SEMILLA DE Erythrina rubrinervia KUNTH", Jurado/Comisiones evaluadoras de trabajo de grado - Pregrado,"MIGUEL CESAR MORENO PALACIOS,", UNIVERSIDAD DE IBAGUÉ, Administración Ambiental," JOHANNA ALEXANDRA REYES ORTIZ, SIMON DAVID URREA FLORIAN",Esta información no suele aparecer en los CvLACs,,"Ciencias Naturales -- Ciencias Químicas -- Química Analítica,",
Miguel César Moreno Palacios, Obtención de Biogás a Partir de Residuos Vegetales Mediante Digestión Anaerobia en la Universidad de Ibagué, Jurado/Comisiones evaluadoras de trabajo de grado - Pregrado,"MIGUEL CESAR MORENO PALACIOS,", UNIVERSIDAD DE IBAGUÉ, Administración Ambiental, Neidy Angélica Matoma Campos,Esta información no suele aparecer en los CvLACs,,,
Miguel César Moreno Palacios," DIETA Y PATRONES DE ACTIVIDAD DEL MONO NOCTURNO (Aotus griseimembra) EN UN FRAGMENTO DE BOSQUE SECO TROPICAL EN EL MUNICIPIO DE AMBALEMA, DEPARTAMENTO DE TOLIMA", Jurado/Comisiones evaluadoras de trabajo de grado - Maestría,"MIGUEL CESAR MORENO PALACIOS,", UNIVERSIDAD DEL TOLIMA, Maestría en Ciencias Biológicas, EMMA YICEL GALINDO ESPINOSA,Esta información no suele aparecer en los CvLACs,,,
Miguel César Moreno Palacios," EFECTO DE BORDE SOBRE LA COMUNIDAD AVIAR EN BOSQUES DE NIEBLA UBICADOS EN LA VEREDA CHICORAL, MUNICIPIO DE LA CUMBRE, VALLE DEL CAUCA.", Jurado/Comisiones evaluadoras de trabajo de grado - Pregrado,"MIGUEL CESAR MORENO PALACIOS,", UNIVERSIDAD DEL TOLIMA, Biología, Carolina Díaz Jaramillo,Esta información no suele aparecer en los CvLACs,,,
Miguel César Moreno Palacios, APLICACIÓN DE UN MÉTODO AGROECOLÓGICO PARA LA EVALUACIÓN DE SOSTENIBILIDAD DE SISTEMAS PRODUCTIVOS DE CAFÉ EN EL MUNICIPIO DEL LÍBANO- TOLIMA, Jurado/Comisiones evaluadoras de trabajo de grado - Pregrado,"MIGUEL CESAR MORENO PALACIOS,", UNIVERSIDAD DE IBAGUÉ, Administración Ambiental, DANIELA CIFUENTES SERRANO y LINA MARÍA BRIÑEZ RODRÍGUEZ,Esta información no suele aparecer en los CvLACs,,,
Miguel César Moreno Palacios, TEMPORADA REPRODUCTIVA Y DENSIDAD POBLACIONAL EN TRES ESPECIES DE AVES DE LA FAMILIA THAMNOPHILIDAE DEL BOSQUE SECO TROPICAL EN EL DEPARTAMENTO DEL TOLIMA, Jurado/Comisiones evaluadoras de trabajo de grado - Pregrado,"MIGUEL CESAR MORENO PALACIOS,", UNIVERSIDAD DEL TOLIMA, Biología, Cristhian David Gaitán García,Esta información no suele aparecer en los CvLACs,,,
Miguel César Moreno Palacios," Estructura y composición de aves en bosques andinos montanos bajos con Palma de cera (Ceroxylum quindiuense) y Robledal (Quercus humboldtii) en el municipio de Roncesvalles, Tolima", Jurado/Comisiones evaluadoras de trabajo de grado - Pregrado,"MIGUEL CESAR MORENO PALACIOS,", UNIVERSIDAD DEL TOLIMA, Biología, Santos Wilber Yate Molano,Esta información no suele aparecer en los CvLACs,,,
Miguel César Moreno Palacios," ACTIVIDAD VOCAL DE HEMBRAS, LLAMADAS DE POLLUELOS Y ÉXITO REPRODUCTIVO EN EL SICALIS CORONADO (Sicalis flaveola, AVES: THRAUPIDAE)", Jurado/Comisiones evaluadoras de trabajo de grado - Maestría,"MIGUEL CESAR MORENO PALACIOS,", UNIVERSIDAD DEL VALLE, MAESTRIA EN CIENCIAS- BIOLOGIA, INGRID DELGADO OSPINA,Esta información no suele aparecer en los CvLACs,,,
Miguel César Moreno Palacios," CARACTERES BIOACÚSTICOS Y MORFOLOGÍA DEL PICO EN POBLACIONES DE Arremonops conirostris EN GRADIENTES AMBIENTALES DEL ALTO VALLE DEL RÍO MAGDALENA, COLOMBIA", Jurado/Comisiones evaluadoras de trabajo de grado - Maestría,"MIGUEL CESAR MORENO PALACIOS,", UNIVERSIDAD DEL TOLIMA, Maestría en Ciencias Biológicas, JESSICA NATHALIA SÁNCHEZ GUZMÁN,Esta información no suele aparecer en los CvLACs,,,
Miguel César Moreno Palacios, EFECTO DEL PESTICIDA NEONICOTINOIDE (IMIDACLOPRID) SOBRE LA TASA DE CRECIMIENTO DE LARVAS Y PUPAS DE Apis mellifera, Jurado/Comisiones evaluadoras de trabajo de grado - Pregrado,"MIGUEL CESAR MORENO PALACIOS,", UNIVERSIDAD DE IBAGUÉ, Administración Ambiental, MARÍA ANDREA MORENO LÓPEZ,Esta información no suele aparecer en los CvLACs,,,
Miguel César Moreno Palacios, CARACTERIZACIÓN MORFOLÓGICA Y ACÚSTICA DE LOS ANUROS DE LA RESERVA FORESTAL BOSQUE DE GALILEA DE LA UNIVERSIDAD DEL TOLIMA, Jurado/Comisiones evaluadoras de trabajo de grado - Pregrado,"MIGUEL CESAR MORENO PALACIOS,", UNIVERSIDAD DEL TOLIMA, Biología," ANDRES VIUCHE LOZANO, MARÍA PAULA ENCISO CALLE",Esta información no suele aparecer en los CvLACs,,,
Miguel César Moreno Palacios, EVALUACIÓN DE LA DESCOMPOSICIÓN DE HOJARASCA EN TRES FRAGMENTOS DE BOSQUE SECO TROPICAL EN EL TOLIMA, Jurado/Comisiones evaluadoras de trabajo de grado - Pregrado,"MIGUEL CESAR MORENO PALACIOS,", UNIVERSIDAD DE IBAGUÉ, Administración Ambiental, ANDRES FELIPE ROZO BOHORQUEZ,Esta información no suele aparecer en los CvLACs,,,
Miguel César Moreno Palacios, ANALISIS DE ENLACES LINEALES CON PERSPECTIVAS DE CONECTIVIDAD Y CONSERVACION DE AVIFAUNA EN PAISAJES FRAGMENTADOS DE BOSQUE SECO TROPICAL (BST) DE LA ZONA CENTRO DEL DEPARTAMENTO DEL TOLIMA., Jurado/Comisiones evaluadoras de trabajo de grado - Pregrado,"MIGUEL CESAR MORENO PALACIOS,", UNIVERSIDAD DEL TOLIMA, Biología, JONNATHAN MANUEL GIL NOREÑA,Esta información no suele aparecer en los CvLACs,,,
Miguel César Moreno Palacios, EVALUACIÓN DE NEMATODOS DE VIDA LIBRE COMO INDICADORES DE CALIDAD Y SALUD DE SUELOS CAFETEROS, Jurado/Comisiones evaluadoras de trabajo de grado - Pregrado,"MIGUEL CESAR MORENO PALACIOS,", UNIVERSIDAD DE IBAGUÉ, Administración Ambiental," NICOL ALEXA GAITAN DIAZ, LINA PAOLA BERMUDEZ VALDERRAMA",Esta información no suele aparecer en los CvLACs,,,
Miguel César Moreno Palacios, EFECTO DEL RUIDO ANTROPOGÉNICO SOBRE LAS CARACTERÍSTICAS VOCALES DE LA MIRLA VENTRIBLANCA (Turdus leucomelas Spix 1824) EN LA CIUDAD DE IBAGUÉ, Jurado/Comisiones evaluadoras de trabajo de grado - Pregrado,"MIGUEL CESAR MORENO PALACIOS,", UNIVERSIDAD DE IBAGUÉ, Administración Ambiental, ROSSMAYRA MARULANDA BEJARANO,Esta información no suele aparecer en los CvLACs,,,
Miguel César Moreno Palacios, VARIACIÓN EN LA COMPOSICIÓN DE LAS COMUNIDADES DE AVES ASOCIADAS A CULTIVOS DE LA ORINOQUIA COLOMBIANA, Jurado/Comisiones evaluadoras de trabajo de grado - Pregrado,"MIGUEL CESAR MORENO PALACIOS,", UNIVERSIDAD DE LOS LLANOS, Biología, DIEGO FERNANDO CADENA HERNÁNDEZ,Esta información no suele aparecer en los CvLACs,,,
Miguel César Moreno Palacios, Análisis del canto de Myiothlypis fulvicauda (Aves: Parulidae) en quebradas de Ibagué-Tolima con diferente nivel de ruido., Jurado/Comisiones evaluadoras de trabajo de grado - Pregrado,"MIGUEL CESAR MORENO PALACIOS,", UNIVERSIDAD DEL TOLIMA, Biología, Daniela Villamizar Soto,Esta información no suele aparecer en los CvLACs,,,
Miguel César Moreno Palacios," VARIABILIDAD EN EL CANTO DEL CUCARACHERO VENTRINEGRO (Pheugopedius fasciatoventris) EN ESCENARIOS AFECTADOS POR RUIDO VEHICULAR, IBAGUÉ - TOLIMA", Jurado/Comisiones evaluadoras de trabajo de grado - Pregrado,"MIGUEL CESAR MORENO PALACIOS,", UNIVERSIDAD DEL TOLIMA, Biología, Juan Camilo Váquiro García,Esta información no suele aparecer en los CvLACs,,,
Miguel César Moreno Palacios, EFECTO DE UN PESTICIDA NEONICOTINOIDE (IMIDACLOPRID) SOBRE LA TASA METABÓLICA ESTANDAR DE LA ABEJA OBRERA ADULTA (Apis mellifera), Jurado/Comisiones evaluadoras de trabajo de grado - Pregrado,"MIGUEL CESAR MORENO PALACIOS,", UNIVERSIDAD DE IBAGUÉ, Administración Ambiental," MARIA CAMILA SEPÚLVEDA GÚZMAN, LINA MARCELA VARGAS ANGUCHO",Esta información no suele aparecer en los CvLACs,,,
Juan Sebastian Trujillo Hernandez, ¿ESTUDIO DEL ESTADO DE OXIDACIÓN DEL HIERRO (Fe) EN MUESTRAS DE SUELOS CAFETEROS DEL DEPARTAMENTO DEL TOLIMA UTILIZANDO LA ESPECTROMETRÍA MÖSSBAUER (MS) DEL Fe57, Jurado/Comisiones evaluadoras de trabajo de grado - Maestría,"JUAN SEBASTIAN TRUJILLO HERNANDEZ,", UNIVERSIDAD DEL TOLIMA, Maestría en Ciencias Física, Jorge Humberto Pérez Mora,Esta información no suele aparecer en los CvLACs,,,
Juan Sebastian Trujillo Hernandez, ESTUDIO DE LAS PROPIEDADES MAGNÉTICAS Y ESTRUCTURALES DE ALEACIONES DE Fe58Ni30Al12 OBTENIDAS POR ALEAMIENTO MECÁNICO, Jurado/Comisiones evaluadoras de trabajo de grado - Maestría,"JUAN SEBASTIAN TRUJILLO HERNANDEZ,", UNIVERSIDAD DEL TOLIMA, Maestría en Ciencias Física, Jimmy Orlando Salcedo Méndez,Esta información no suele aparecer en los CvLACs,,,
Juan Sebastian Trujillo Hernandez, Caracterización magnetica de polvos de Nd2Fe14B sinterizados con polvos de Fe65Co35 para su aplicacion como iman permanente, Jurado/Comisiones evaluadoras de trabajo de grado - Pregrado,"JUAN SEBASTIAN TRUJILLO HERNANDEZ,", UNIVERSIDAD DEL VALLE - SEDE CALI, Ingenieria de Materiales, Jhon Alexander Mera Rincon,Esta información no suele aparecer en los CvLACs,,,
Juan Sebastian Trujillo Hernandez," Uso Introductorio de la Tecnicas de Espectroscopia Mossbauer y Difraccionde Rayos X, en Suelos Cultivados con Cafe en las Regiones del Libano y Villahermosa, Tolima", Jurado/Comisiones evaluadoras de trabajo de grado - Pregrado,"JUAN SEBASTIAN TRUJILLO HERNANDEZ,", UNIVERSIDAD DE IBAGUÉ, Administracion Ambiental, Alexander Cortes Soto,Esta información no suele aparecer en los CvLACs,,,
Juan Sebastian Trujillo Hernandez, Estudio de las propiedades magnéticas y estructurales de aleaciones de Fe58Ni30Al12 obtenidas por aleamiento mecánico, Jurado/Comisiones evaluadoras de trabajo de grado - Maestría,"JUAN SEBASTIAN TRUJILLO HERNANDEZ,", UNIVERSIDAD DEL TOLIMA, Maestría en Ciencias Física, Jimmy Orlando Salcedo,Esta información no suele aparecer en los CvLACs,,,
Juan Sebastian Trujillo Hernandez, Análisis Mössbauer de películas delgadas del sistema Fe90Al10 y Nd3Fe14B producidas por pulverización catódica, Jurado/Comisiones evaluadoras de trabajo de grado - Maestría,"JUAN SEBASTIAN TRUJILLO HERNANDEZ,", UNIVERSIDAD DEL TOLIMA, Maestría en Ciencias Física, Elver Fabian Velez Quimbaya,Esta información no suele aparecer en los CvLACs,,,
Juan Sebastian Trujillo Hernandez, Estudio de propiedades magnéticas y estructurales de nanopartículas de Fe50Si50 preparadas por aleamiento mecánico asistido por surfactante, Jurado/Comisiones evaluadoras de trabajo de grado - Maestría,"JUAN SEBASTIAN TRUJILLO HERNANDEZ,", UNIVERSIDAD DEL TOLIMA, Maestría en Ciencias Física, Jhon Fredy González Perdomo,Esta información no suele aparecer en los CvLACs,,,
Juan Sebastian Trujillo Hernandez, Estudio experimental del efecto del Indio sobre los imanes Fe3Sn y Fe3Sn2, Jurado/Comisiones evaluadoras de trabajo de grado - Maestría,"JUAN SEBASTIAN TRUJILLO HERNANDEZ,", UNIVERSIDAD DEL VALLE - SEDE CALI, Maestria en Ciencias - Física, Carlos Andres Palchucan Ceballos,Esta información no suele aparecer en los CvLACs,,,
Juan Sebastian Trujillo Hernandez, ESTUDIO DE LAS PROPIEDADES MÁGNÉTICAS Y ESTRUCTURALES DE ALEACIONES DE POLVOS Fe50Al50-xBx OBTENIDAS POR ALEAMIENTO MECÁNICO, Jurado/Comisiones evaluadoras de trabajo de grado - Maestría,"JUAN SEBASTIAN TRUJILLO HERNANDEZ,", UNIVERSIDAD DEL TOLIMA, Maestría en Ciencias Física, Carolina Lopez,Esta información no suele aparecer en los CvLACs,,,
Juan Sebastian Trujillo Hernandez, PRODUCCIÓN Y CARACTERIZACIÓN DE POLVOS NANO-EXTRACTURADO DE NdFeB (FeAl) PRODUCIDAS POR ALEAMIENTO MECÁNICO, Jurado/Comisiones evaluadoras de trabajo de grado - Maestría,"JUAN SEBASTIAN TRUJILLO HERNANDEZ,", UNIVERSIDAD DEL TOLIMA, Maestría en Ciencias Física, Alvaro Javier Gomez Rodriguez,Esta información no suele aparecer en los CvLACs,,,
