Grupo,Nombre del Evento,Tipo,Lugar,Institución,Participación,Ámbito,Año,Mes,Día,Palabras,Area,Sectores
NATURATU,VII CONGRESO COLOMBIANO DE ORNITOLOGÍA, Congreso ,POPAYÁN, Asociación Colombiana De Ornitología," Organizador , Ponente", Nacional, 2022,08,10 ,,,
NATURATU,Congreso Internacional de Ingeniería Industrial 2021, Congreso ,CIUDAD DE MEXICO, Instituto Tecnológico de Tlalnepantla, Ponente Magistral, Nacional, 2021,12,01 ,,,
NATURATU,"17th International Conference on Optics, Lasers & Photonics", Congreso ,Osaka-shi, UNIVERSIDAD DE IBAGUÉ, Ponente, Internacional, 2021,06,26 ,,,
NATURATU,Semana de investigación universitaria SIU 2020, Otro ,IBAGUÉ, UNIVERSIDAD DE IBAGUÉ, Ponente, Nacional, 2020,12,03 ,,,
NATURATU,1º Congreso Internacional de Desarrollo Regional, Congreso ,IBAGUÉ, UNIVERSIDAD DE IBAGUÉ, Ponente, Internacional, 2020,10,22 ,,,
NATURATU,VIII Congreso Latinoamericano de Plantas Medicinales, Congreso ,Cuenca, Universidad Austral de Chile, Ponente, Internacional, 2020,10,15 ,,,
NATURATU,IV Congreso Nacional de Liquenología del Perú y I Congreso Nacional de Lomas, Congreso ,Lima, UNIVERSIDAD DE IBAGUÉ, Ponente, Nacional, 2020,09,18 ,,,
NATURATU,"I Seminario colombiano en Investigación, Manejo productivo y Conservación de Crocodylidos y Quelonios", Seminario ,SINCELEJO, UNIVERSIDAD DE SUCRE, Ponente Magistral, Nacional, 2020,07,10 ,,,
NATURATU,"Reunión Anual Conjunta de las Sociedades de Biología, Botánica, Ecología y Evolución de Chile", Congreso ,Valdivia, UNIVERSIDAD DE IBAGUÉ, Ponente, Nacional, 2020,03,11 ,,,
NATURATU,"Reunión Anual Conjunta de las Sociedades de Biología, Botánica, Ecología y Evolución de Chile", Congreso ,Valdivia, UNIVERSIDAD DE IBAGUÉ, Ponente, Nacional, 2020,03,11 ,,,
NATURATU,ReBrain International Conference, Congreso ,Valdivia, Universidad Austral de Chile, Ponente, Internacional, 2020,01,22 ,,,
NATURATU,Annual Conference on Magnetism and Magnetic Materials MMM2019, Congreso ,Las Vegas, UNIVERSIDAD DE IBAGUÉ, Ponente, Internacional, 2019,11,04 ,,,
NATURATU,XII Congreso Colombiano de Métodos Numéricos, Congreso ,"BOGOTÁ, D.C.", UNIVERSIDAD DE IBAGUÉ, Ponente, Internacional, 2019,10,23 ,,,
NATURATU,XII Congreso Colombiano de Métodos Numéricos, Congreso ,"BOGOTÁ, D.C.", UNIVERSIDAD DE IBAGUÉ, Ponente, Internacional, 2019,10,23 ,,,
NATURATU,VI CONGRESO COLOMBIANO DE ORNITOLOGÍA, Congreso ,IBAGUÉ, La Asociación Colombiana de Ornitología ACO, Organizador, Nacional, 2019,10,22 ,,,
NATURATU,Congreso Colombiano de Servicios Ecosistémicos, Congreso ,CAJICÁ, UNIVERSIDAD DE IBAGUÉ, Ponente, Nacional, 2019,10,07 ,,,
NATURATU,V ENCUENTRO INTERNACIONAL SOBRE LA ENSEÑANZA DE LAS CIENCIAS EXACTAS Y NATURALES: INTEGRACION DE LAS CIENCIAS Y LA TECNOLOGÍA COMO TENDENCIA EDUCATIVA, Encuentro ,PEREIRA, UNIVERSIDAD CATOLICA DE PEREIRA, Ponente, Internacional, 2019,09,12 ,,,
NATURATU,XXVIII congreso nacional de física, Congreso ,ARMENIA, UNIVERSIDAD DE IBAGUÉ, Ponente, Nacional, 2019,09,09 ,,,
NATURATU,Conferencia Colombiana de Usuarios Esri 2019, Congreso ,"BOGOTÁ, D.C.", ESRI COLOMBIA S.A.S., Asistente, Nacional, 2019,09,01 ,,,
NATURATU,"VI Congreso internacional Industria, Organizaciones y logística: "" Impactos y Perspectivas de la cuarta revolución industrial""", Congreso ,CARTAGENA DE INDIAS, UNIVERSIDAD DE IBAGUÉ, Ponente, Internacional, 2019,08,22 ,,,
NATURATU,I Congreso internacional de ciencia y tecnología en el trópico: Aguacate Hass y Cacao, Encuentro ,IBAGUÉ, UNIVERSIDAD DE IBAGUÉ, Ponente, Internacional, 2019,08,12 ,,,
NATURATU,XLII Conference of Application of Digital Image Processing. SPIE. Optic + Photonics. Optical Engineering. The International photonics and Applications., Congreso ,San Diego, UNIVERSIDAD DE IBAGUÉ, Ponente, Internacional, 2019,08,12 ,,,
NATURATU,2º Congreso Latinoamericano de biogeografía, Congreso ,Quito, UNIVERSIDAD DE IBAGUÉ, Ponente, Internacional, 2019,08,05 ,,,
NATURATU,XI ESCUELA DE VERANO - SEMINARIO ETICA PROFESIONAL: COMO TRABAJAR EN EL AULA, Seminario ,IBAGUÉ, UNIVERSIDAD DE IBAGUÉ, Asistente, Nacional, 2019,07,22 ,,,
NATURATU,IV Escuela Colombiana de Espectroscopia Mössbauer, Congreso ,IBAGUÉ, UNIVERSIDAD DEL TOLIMA, Organizador, Nacional, 2019,07,10 ,,,
NATURATU,IV ESCUELA COLOMBIANA DE ESPECTROSCOPIA MOSSBAUER, Otro ,IBAGUÉ, UNIVERSIDAD DE IBAGUÉ, Asistente, Nacional, 2019,07,10 ,,,
NATURATU,IbPRIA 2019: 9th Iberian Conference on Pattern Recognition and Image Analysis, Congreso ,Madrid, UNIVERSIDAD DE IBAGUÉ, Ponente, Internacional, 2019,07,01 ,,,
NATURATU,10th Texas Tech Annual Biological Science Symposium (TTABSS), Simposio ,Lubbock, Texas Tech University, Ponente, Internacional, 2019,04,26 ,,,
NATURATU,Taxonomic Herpetological Group (TAG) Meeting, Encuentro ,Chattanooga, UNIVERSIDAD DE IBAGUÉ, Ponente, Internacional, 2019,04,08 ,,,
NATURATU,Cátedra Inaugural: De la investigación básica a la investigación aplicada, Seminario ,IBAGUÉ, UNIVERSIDAD DE IBAGUÉ, Organizador, Nacional, 2019,02,15 ,,,
NATURATU,"II Simposio sobre crocodílidos de Colombia, nuevas oportunidades", Simposio ,"BOGOTÁ, D.C.", UNIVERSIDAD DE IBAGUÉ, Organizador, Nacional, 2018,12,05 ,,,
NATURATU,V Congreso Colombiano de Zoología, Congreso ,"BOGOTÁ, D.C.", UNIVERSIDAD DE IBAGUÉ, Ponente, Nacional, 2018,12,03 ,,,
NATURATU,V Congreso Colombiano de Zoología, Congreso ,"BOGOTÁ, D.C.", UNIVERSIDAD DE IBAGUÉ, Ponente, Nacional, 2018,12,03 ,,,
NATURATU,V Congreso Colombiano de Zoología, Congreso ,"BOGOTÁ, D.C.", UNIVERSIDAD DE IBAGUÉ, Ponente, Nacional, 2018,12,03 ,,,
NATURATU,Congreso Colombiano de Zoología., Congreso ,"BOGOTÁ, D.C.", UNIVERSIDAD DE IBAGUÉ, Ponente, Nacional, 2018,12,03 ,,,
NATURATU,V Congreso Colombiano de Zoología, Congreso ,"BOGOTÁ, D.C.", UNIVERSIDAD DE IBAGUÉ, Ponente, Nacional, 2018,12,03 ,,,
NATURATU,II Congreso Colombiano de Herpetología, Congreso ,"BOGOTÁ, D.C.", UNIVERSIDAD DE IBAGUÉ, Ponente, Nacional, 2018,12,03 ,,,
NATURATU,23rd Iberoamerican Congres on Partern Recognition (CIARP-2018), Congreso ,Madrid, UNIVERSIDAD DE IBAGUÉ, Ponente, Internacional, 2018,11,19 ,,,
NATURATU,8º Conferencia Latinoamericana y Caribeña de Ciencias Sociales, Congreso ,Buenos Aires, Consejo Latinoamericano De Ciencias Sociales - Clacso, Ponente, Internacional, 2018,11,19 ,,,
NATURATU,XIII SIMPOSIO LATINOAMERICANO DE QUÍMICA ANALÍTICA y AMBIENTAL (XIII LASEAC) y XIV ENCUENTRO DE QUÍMICA ANALÍTICA Y AMBIENTAL (XIV EQAA), Simposio ,La Serena, UNIVERSIDAD DE IBAGUÉ, Ponente Magistral, Internacional, 2018,11,12 ,,,
NATURATU,"Congreso Internacional de Orquídeas, Biodiversidad y Educación (CIOBE)", Congreso ,VILLAVICENCIO, UNIVERSIDAD DE IBAGUÉ, Ponente, Internacional, 2018,11,03 ,,,
NATURATU,IEEE SENSORS 2018, Congreso ,Nueva Delhi, UNIVERSIDAD DE IBAGUÉ, Ponente, Internacional, 2018,10,28 ,,,
NATURATU,Taller Básico de Taxidermia, Taller ,IBAGUÉ, Asociación Tolimense de Ornitología ANTHOCEPHALA," Asistente , Organizador", Nacional, 2018,10,25 ,,,
NATURATU,"XVIII Congreso Latinoamericano de Control Automático, CLCA 2018", Congreso ,Quito, UNIVERSIDAD DE IBAGUÉ, Ponente, Internacional, 2018,10,24 ,,,
NATURATU,XIII Taller y Simposio Latinoamericano de Digestión Anaerobia (DAAL XIII), Simposio ,MEDELLÍN, UNIVERSIDAD DE IBAGUÉ, Ponente, Internacional, 2018,10,21 ,,,
NATURATU,XII Congreso Latinoamericano de Botánica, Congreso ,Quito, UNIVERSIDAD DEL TOLIMA, Ponente, Internacional, 2018,10,21 ,,,
NATURATU,II Workshop Internacional: Investigación en Imaginarios y Representaciones, Congreso ,CONCEPCIÓN, UNIVERSIDAD DE IBAGUÉ, Ponente, Internacional, 2018,10,17 ,,,
NATURATU,Congreso Iberoamericano de Química y  XXIX Congreso Peruano de Química, Congreso ,Lima, UNIVERSIDAD DE IBAGUÉ, Ponente, Internacional, 2018,10,16 ,,,
NATURATU,III Taller de productores de café con buenas prácticas agrícolas  de la vereda el Paraíso del municipio de Líbano para evaluar la resiliencia de los sistemas agrícolas, Taller ,LÍBANO, UNIVERSIDAD DE IBAGUÉ," Compilador de memorias , Organizador", Nacional, 2018,10,05 ,,,
NATURATU,III Congreso Colombiano de Electroquímica, Congreso ,CALI, UNIVERSIDAD DE IBAGUÉ, Ponente, Nacional, 2018,10,02 ,,,
NATURATU,III Congreso Colombiano de Electroquímica, Congreso ,CALI, UNIVERSIDAD DE IBAGUÉ, Ponente, Nacional, 2018,10,02 ,,,
NATURATU,III Congreso Colombiano de Electroquímica, Congreso ,CALI, UNIVERSIDAD DE IBAGUÉ, Ponente Magistral, Nacional, 2018,10,02 ,,,
NATURATU,45 Congreso de la Sociedad Colombiana de Entomología, Congreso ,CALI, UNIVERSIDAD DE IBAGUÉ, Ponente, Nacional, 2018,07,11 ,,,
NATURATU,45 Congreso de la Sociedad Colombiana de Entomología, Congreso ,CALI, UNIVERSIDAD DE IBAGUÉ, Ponente, Nacional, 2018,07,11 ,,,
NATURATU,45 Congreso de la Sociedad Colombiana de Entomología, Congreso ,CALI, UNIVERSIDAD DE IBAGUÉ, Ponente, Nacional, 2018,07,11 ,,,
NATURATU,45 Congreso de la Sociedad Colombiana de Entomología, Congreso ,CALI, UNIVERSIDAD DE IBAGUÉ, Ponente, Nacional, 2018,07,11 ,,,
NATURATU,45 Congreso de la Sociedad Colombiana de Entomología, Otro ,CALI, UNIVERSIDAD DE IBAGUÉ, Ponente, Nacional, 2018,07,11 ,,,
NATURATU,24th IUPAC International Conference on Physical Organic Chemistry, Congreso ,Algarve, UNIVERSIDAD DE IBAGUÉ, Ponente, Internacional, 2018,07,01 ,,,
NATURATU,II Taller de productores de café con buenas prácticas agrícolas  de la vereda Calambeo del municipio de Ibagué para evaluar la resiliencia de los sistemas agrícolas, Taller ,IBAGUÉ, Unibague, Organizador, Nacional, 2018,05,18 ,,,
NATURATU,"V Simposio regional de biología: biología y ciencias ambientales, aportes y oportunidades", Simposio ,PEREIRA, UNIVERSIDAD DE IBAGUÉ, Ponente, Nacional, 2018,05,09 ,,,
NATURATU,18ème colloque international de l¿EOCCE (European Orchid Council Conference and Exhibition), Encuentro ,Paris, UNIVERSIDAD DE IBAGUÉ, Ponente, Internacional, 2018,03,23 ,,,
NATURATU,The 2018 Joint Conference of the Condensed Matter Divisions of the DPG and the EPS (DPG 2018), Congreso ,Berlin, UNIVERSIDAD DEL VALLE, Asistente, Internacional, 2018,02,26 ,,,
NATURATU,II Encuentro Internacional Virtual y Académico de Ciencias Ambientales, Encuentro ,"BOGOTÁ, D.C.", UNIVERSIDAD NACIONAL ABIERTA Y A DISTANCIA, Ponente, Internacional, 2017,11,23 ,,,
NATURATU,II Encuentro Internacional Virtual y Académico de Ciencias Ambientales, Encuentro ,"BOGOTÁ, D.C.", UNIVERSIDAD DE IBAGUÉ, Ponente, Nacional, 2017,11,23 ,,,
NATURATU,"1er Foro de desarrollo sostenible, Un reto para el siglo XXI", Otro ,IBAGUÉ, Universidad Nacional Abierta Y A Distancia - Unad - Sede Ibagué, Ponente Magistral, Nacional, 2017,11,18 ,,,
NATURATU,I Taller de productores café y banano orgánico de la vereda Perico del municipio de Ibagué para evaluar la resiliencia de los sistemas agrícolas, Taller ,IBAGUÉ, Unibague, Organizador, Nacional, 2017,11,16 ,,,
NATURATU,IX CONGRESO INTERNACIONAL DE MATERIALES CIM 2017, Congreso ,BARRANQUILLA, UNIVERSIDAD DE LOS ANDES, Ponente, Internacional, 2017,11,14 ,,,
NATURATU,"Workshop Paguicidas, abejas y servicios ambientales: futuro de la polinización", Encuentro ,IBAGUÉ, UNIVERSIDAD DE IBAGUÉ," Asistente , Compilador de memorias , Organizador", Nacional, 2017,11,10 ,,,
NATURATU,"Workshop Plaguicidas, abejas y servicios ambientales: futuro de la Polinización", Otro ,IBAGUÉ,, Asistente, Nacional, 2017,11,10 ,,,
NATURATU,THE 22nd WORLD ORCHID CONFERENCE, Encuentro ,Guayaquil, UNIVERSIDAD DE IBAGUÉ, Ponente, Internacional, 2017,11,08 ,,,
NATURATU,6to Congreso de Aviturismo, Congreso ,MANIZALES, COTELCO capitulo Caldas," Asistente , Ponente", Nacional, 2017,11,01 ,,,
NATURATU,XXI Congreso de la Sociedad Mesoamericana para la Biología y la Conservación, Congreso ,San José, UNIVERSIDAD DE IBAGUÉ, Ponente, Internacional, 2017,10,30 ,,,
NATURATU,52 Congreso Nacional de Ciencias Biológicas, Congreso ,CALI, UNIVERSIDAD DE CALDAS, Ponente, Nacional, 2017,10,09 ,,,
NATURATU,52 Congreso Nacional de Ciencias Biológicas, Congreso ,CALI, UNIVERSIDAD DE IBAGUÉ, Ponente, Nacional, 2017,10,09 ,,,
NATURATU,Primer Encuentro de Ciencias Agropecuarias, Encuentro ,FUSAGASUGÁ, UNIVERSIDAD DE CUNDINAMARCA, Ponente Magistral, Internacional, 2017,09,28 ,,,
NATURATU,Semana de investigación universitaria SIU 2017, Otro ,IBAGUÉ, UNIVERSIDAD DE IBAGUÉ, Ponente, Nacional, 2017,09,27 ,,,
NATURATU,Semana de Investigación Universitaria, Encuentro ,IBAGUÉ, UNIVERSIDAD DE IBAGUÉ, Ponente, Nacional, 2017,09,27 ,,,
NATURATU,Semana de Investigación Universitaria SIU 2017, Encuentro ,IBAGUÉ, UNIVERSIDAD DE IBAGUÉ, Ponente, Nacional, 2017,09,27 ,,,
NATURATU,SEMANA DE INVESTIGACIÓN UNIVERSITARIA SIU 2017, Otro ,IBAGUÉ, UNIVERSIDAD DE IBAGUÉ, Ponente, Nacional, 2017,09,27 ,,,
NATURATU,"19th International Symposium on Wood, Fibre and Pulping Chemistry", Simposio ,Porto Seguro, Universidade Federal De Viçosa, Ponente, Internacional, 2017,08,30 ,,,
NATURATU,IX CONGRESO COLOMBIANO DE BOTÁNICA, Congreso ,TUNJA, UNIVERSIDAD DE IBAGUÉ, Ponente, Nacional, 2017,07,30 ,,,
NATURATU,IX CONGRESO COLOMBIANO DE BOTÁNICA, Congreso ,TUNJA, UNIVERSIDAD DE IBAGUÉ, Ponente, Nacional, 2017,07,30 ,,,
NATURATU,IX CONGRESO COLOMBIANO DE BOTÁNICA, Congreso ,TUNJA, UNIVERSIDAD DE IBAGUÉ, Ponente, Nacional, 2017,07,30 ,,,
NATURATU,IX CONGRESO COLOMBIANO DE BOTÁNICA, Congreso ,TUNJA, UNIVERSIDAD DE IBAGUÉ, Ponente, Nacional, 2017,07,30 ,,,
NATURATU,IX Congreso Colombiano de Botánica, Congreso ,TUNJA, Asociaciòn Colombiana de Botánica, Ponente, Nacional, 2017,07,30 ,,,
NATURATU,IX congreso de Botánica, Congreso ,TUNJA, UNIVERSIDAD DE IBAGUÉ, Ponente, Nacional, 2017,07,30 ,,,
NATURATU,IX Congreso Colombiano de Botánica, Congreso ,Ciudad de México , UNIVERSIDAD DE IBAGUÉ, Ponente, Nacional, 2017,07,30 ,,,
NATURATU,IX Congreso Colombiano de Botánica, Congreso ,TUNJA, UNIVERSIDAD DE IBAGUÉ, Ponente, Nacional, 2017,07,30 ,,,
NATURATU,VII Congreso Internacional de Métodos Numéricos en Ingenierías, Congreso ,Guadalajara, UNIVERSIDAD DE IBAGUÉ, Ponente, Internacional, 2017,06,12 ,,,
NATURATU,Taller: Reconstrucción de la historia agrícola de la cuenca del río Anaime, Taller ,CAJAMARCA, UNIVERSIDAD DE IBAGUÉ, Organizador, Nacional, 2017,05,27 ,,,
NATURATU,XV ENCUENTRO DEPARTAMENTAL DE SEMILLEROS DE INVESTIGACIÓN REDCOLSI NODO TOLIMA Y III DE CULTURA CIENTIFICA 2017, Encuentro ,IBAGUÉ, Gobernación Del Tolima, Ponente, Nacional, 2017,05,12 ,,,
NATURATU,14th Latin American Conference on Physical Organic Chemistry, Congreso ,Valparaíso, Pontificia Universidad Católica De Chile, Ponente, Internacional, 2017,05,07 ,,,
NATURATU,14th Latin American Conference on Physical Organic Chemistry, Congreso ,Valparaíso, UNIVERSIDAD DE IBAGUÉ, Ponente, Internacional, 2017,05,07 ,,,
NATURATU,14th Latin american Conference on Physical Organic Chemistry, Congreso ,Valparaíso, UNIVERSIDAD DE IBAGUÉ, Ponente, Internacional, 2017,05,07 ,,,
NATURATU,XII Simposio Latinoamericano de Química Analítica y Medioambiente, Simposio ,MANIZALES, UNIVERSIDAD DE IBAGUÉ, Ponente, Internacional, 2017,04,25 ,,,
NATURATU,XII Simposio Latinoamericano de Química Analítica y Medioambiente, Simposio ,MANIZALES, UNIVERSIDAD DE IBAGUÉ, Ponente, Internacional, 2017,04,25 ,,,
NATURATU,CONGRESO COLOMBIANO DE ECOLOGÍA, Congreso ,"BOGOTÁ, D.C.", PONTIFICIA UNIVERSIDAD JAVERIANA," Asistente , Ponente", Nacional, 2016,11,29 ,,,
NATURATU,Congreso Colombiano de Ecología, Congreso ,"BOGOTÁ, D.C.", UNIVERSIDAD DE IBAGUÉ, Ponente, Nacional, 2016,11,29 ,,,
NATURATU,I Congreso Colombiano de Ecología, Congreso ,"BOGOTÁ, D.C.", UNIVERSIDAD DE IBAGUÉ, Ponente, Nacional, 2016,11,29 ,,,
NATURATU,I Congreso Colombiano de Ecología, Congreso ,"BOGOTÁ, D.C.", Arasarí Conservación e Investigación S.A.S., Ponente, Nacional, 2016,11,28 ,,,
NATURATU,VI Congreso Iberoamericano de Química Analítica y Ambiental CIAQA 2016, Congreso ,Cancún, UNIVERSIDAD DE IBAGUÉ, Ponente, Internacional, 2016,11,15 ,,,
NATURATU,V CONGRESO COLOMBIANO DE ORNITOLOGÍA, Congreso ,MEDELLÍN, Asociación Colombiana De Ornitología," Asistente , Ponente", Nacional, 2016,11,08 ,,,
NATURATU,V CONGRESO COLOMBIANO DE ORNITOLOGÍA, Congreso ,MEDELLÍN, Asociación Colombiana De Ornitología," Asistente , Ponente", Nacional, 2016,11,08 ,,,
NATURATU,V Congreso Colombiano de Ornitología, Congreso ,MEDELLÍN, UNIVERSIDAD DE ANTIOQUIA," Compilador de memorias , Organizador , Ponente", Nacional, 2016,11,08 ,,,
NATURATU,Congreso Colombiano de Ecología, Congreso ,"BOGOTÁ, D.C.", PONTIFICIA UNIVERSIDAD JAVERIANA, Ponente, Nacional, 2016,10,28 ,,,
NATURATU,Congreso Colombiano de Ecología, Congreso ,"BOGOTÁ, D.C.", PONTIFICIA UNIVERSIDAD JAVERIANA, Ponente, Nacional, 2016,10,28 ,,,
NATURATU,XIII SIMPOSIO INTERNACIONAL DE INVESTIGACIÓN FORMATIVA, Simposio ,CÚCUTA, UNIVERSIDAD DE IBAGUÉ, Ponente, Internacional, 2016,10,14 ,,,
NATURATU,II Congreso Colombiano de Electroquímica, Congreso ,BUCARAMANGA, UNIVERSIDAD DE IBAGUÉ, Ponente, Nacional, 2016,10,04 ,,,
NATURATU,6ta Semana de Investigación Universitaria, Otro ,IBAGUÉ, UNIVERSIDAD DE IBAGUÉ, Ponente, Nacional, 2016,09,21 ,,,
NATURATU,Semana de Investigación Universitaria SIU2016, Encuentro ,IBAGUÉ, UNIVERSIDAD DE IBAGUÉ, Ponente, Nacional, 2016,09,21 ,,,
NATURATU,Semana de Investigación Universitaria SIU 2016, Otro ,IBAGUÉ, UNIVERSIDAD DE IBAGUÉ, Ponente, Nacional, 2016,09,21 ,,,
NATURATU,VI Semana de Investigación Universitaria 2016, Otro ,IBAGUÉ, UNIVERSIDAD DE IBAGUÉ, Ponente, Nacional, 2016,09,20 ,,,
NATURATU,SIU-SEMANA INVESTIGACION UNIVERSITARIA, Encuentro ,IBAGUÉ, UNIVERSIDAD DE IBAGUÉ, Ponente, Nacional, 2016,09,20 ,,,
NATURATU,Seminario de Formación en Investigación IV de Cultura Científica y VIII de la RedCOLSI Nodo Tolima, Seminario ,IBAGUÉ, FUNDACION REDCOLSI NODO TOLIMA, Asistente, Nacional, 2016,09,10 ,,,
NATURATU,5Th International workshop on image analysis methods for the plant sciences., Congreso ,Angers, UNIVERSIDAD DE IBAGUÉ, Ponente, Internacional, 2016,09,05 ,,,
NATURATU,OSA Latin America Optics & Photonics Conference (LAOP), Congreso ,MEDELLÍN, UNIVERSIDAD DE IBAGUÉ, Asistente, Internacional, 2016,08,22 ,,,
NATURATU, Latin American Optics and Photonics (LAOP) Conference, Congreso ,MEDELLÍN, UNIVERSIDAD DE IBAGUÉ, Ponente, Internacional, 2016,08,22 ,,,
NATURATU,VI Encuentro Nacional de Matemáticas y Estadística, Encuentro ,IBAGUÉ, UNIVERSIDAD DE IBAGUÉ, Ponente, Nacional, 2016,06,01 ,,,
NATURATU,"Seminario de sistemas integrados de producción en Fresno, Tolima, mayo 2016", Seminario ,FRESNO, Unibague, Organizador, Nacional, 2016,05,20 ,,,
NATURATU,XIV Encuentro Departamental de Semilleros de Investigación RedCOLSI nodo Tolima y II cultura cientifica Convenio 1026-2013, Encuentro ,ESPINAL, UNIVERSIDAD DE IBAGUÉ, Ponente, Nacional, 2016,05,13 ,,,
NATURATU,XIV ENCUENTRO DEPARTAMENTAL DE SEMILLEROS DE INVESTIGACIÓN REDCOLSI NODO TOLIMA Y II DE CULTURA CIENTÍFICA 2016, Encuentro ,ESPINAL, Gobernación Del Tolima, Ponente, Nacional, 2016,05,13 ,,,
NATURATU,V congreso iberoamericano de Productos Naturales, Congreso ,"BOGOTÁ, D.C.", UNIVERSIDAD DE IBAGUÉ, Ponente, Internacional, 2016,04,25 ,,,
NATURATU,V Congreso Iberoamericano de Productos Naturales, Congreso ,"BOGOTÁ, D.C.", UNIVERSIDAD DE IBAGUÉ, Ponente, Internacional, 2016,04,25 ,,,
NATURATU,32 Congreso de Latinoamericano de Química CLAQ-2016, Congreso ,concepción, UNIVERSIDAD DE IBAGUÉ, Ponente, Internacional, 2016,01,19 ,,,
NATURATU,1er. Foro de Sustentabilidad Ecosistémica: Páramos: producción vs sostenibilidad, Otro ,IBAGUÉ, RAPE Región Central, Asistente, Nacional, 2015,12,10 ,,,
NATURATU,Congreso Colombiano de Mastozoología y III Congreso Latinoamericano de Mastozoología, Congreso ,"BOGOTÁ, D.C.", UNIVERSIDAD DE IBAGUÉ, Ponente, Internacional, 2015,12,01 ,,,
NATURATU,Congreso Colombiano de Mastozoología y III Congreso Latinoamericano de Mastozoología, Congreso ,"BOGOTÁ, D.C.", UNIVERSIDAD DE IBAGUÉ, Ponente, Internacional, 2015,12,01 ,,,
NATURATU,Congreso Colombiano de Mastozoología y III Congreso Latinoamericano de Mastozoología, Congreso ,"BOGOTÁ, D.C.", UNIVERSIDAD DE IBAGUÉ, Ponente, Internacional, 2015,12,01 ,,,
NATURATU,"IV Encuentro de productores de café en el municipio del Líbano Tolima, noviembre 2015", Encuentro ,LÍBANO, Unibague, Organizador, Nacional, 2015,11,27 ,,,
NATURATU,Estudio de procesos de exhumación de orógenos y discriminación de la relación clima-tectónica-procesos superficiales mediante termocronología cuantitativa, Seminario ,Santiago, Institut De Recherche Pour Le Dévelopement (Ird), Ponente Magistral, Nacional, 2015,11,23 ,,,
NATURATU,V Scientific Conference on Andean Orchids, Congreso ,CALI, UNIVERSIDAD DE IBAGUÉ, Ponente, Internacional, 2015,11,19 ,,,
NATURATU,"9th congress of chemical science, technology and innovation", Congreso ,La Habana, FONDO NACIONAL DE DESARROLLO CIENTIFICO Y TEGNOLOGICO, Ponente Magistral, Internacional, 2015,10,13 ,,,
NATURATU,Semana de Investigación Universitaria, Seminario ,IBAGUÉ, UNIVERSIDAD DE IBAGUÉ, Ponente, Nacional, 2015,09,22 ,,,
NATURATU,Semana de Investigación Universitaria 2015 - Universidad de Ibagué, Otro ,IBAGUÉ, UNIVERSIDAD DE IBAGUÉ, Ponente, Nacional, 2015,09,21 ,,,
NATURATU,5a Semana de Investigación Universitaria, Otro ,IBAGUÉ,, Ponente, Nacional, 2015,09,21 ,,,
NATURATU,Semana de Investigación Universitaria SIU2015, Encuentro ,IBAGUÉ, UNIVERSIDAD DE IBAGUÉ, Ponente, Nacional, 2015,09,21 ,,,
NATURATU,Curso de difraccion de rayos x  - método Rietveld, Otro ,CALI, UNIVERSIDAD DEL VALLE, Asistente, Nacional, 2015,09,21 ,,,
NATURATU,Contribución de las Ciencias Básicas al desarrollo del Agro, Simposio ,CAJICÁ, UNIVERSIDAD DE IBAGUÉ, Ponente, Nacional, 2015,09,10 ,,,
NATURATU,2015 20 th symposium on signal processing images on computer vosion STSIVA, Simposio ,"BOGOTÁ, D.C.", PONTIFICIA UNIVERSIDAD JAVERIANA," Asistente , Ponente", Internacional, 2015,09,02 ,,,
NATURATU,XV Congreso Geológico Colombiano, Congreso ,BUCARAMANGA, UNIVERSIDAD NACIONAL DE COLOMBIA, Ponente Magistral, Internacional, 2015,08,31 ,,,
NATURATU,Controles físicos de la evolución geológica-geomorfológica de los litorales colombianos, Seminario ,MEDELLÍN, UNIVERSIDAD EAFIT, Ponente Magistral, Internacional, 2015,08,24 ,,,
NATURATU,XIX Congreso de la Sociedad Mesoamericana para la Biología y la Conservación, Congreso ,Villahermosa, UNIVERSIDAD DE IBAGUÉ, Ponente, Internacional, 2015,08,24 ,,,
NATURATU,XIX Congreso de la Sociedad Mesoamericana para la Biología y la Conservación, Congreso ,Villahermosa, Sociedad Mesoamericana para la Biología y la Conservación, Ponente, Internacional, 2015,08,24 ,,,
NATURATU,"The 9th International Congress of Comparative Physiology and Biochemistry, From Molecules to Macrophysiology", Congreso ,Kraków, Jagiellonian University, Ponente, Internacional, 2015,08,23 ,,,
NATURATU,VIII Congreso Colombiano de Botánica, Congreso ,MANIZALES, UNIVERSIDAD DE IBAGUÉ, Ponente, Nacional, 2015,08,02 ,,,
NATURATU,VIII Congreso Colombiano de Botánica, Congreso ,MANIZALES, UNIVERSIDAD DEL TOLIMA, Ponente, Nacional, 2015,08,02 ,,,
NATURATU,XX Congreso Colombiano de Matemáticas 2015, Congreso ,MANIZALES, UNIVERSIDAD DE IBAGUÉ, Ponente, Nacional, 2015,07,21 ,,,
NATURATU,13th Latin American Conference on Physical Organic Chemistry (CLAFQO), Congreso ,Villa Carlos Paz, Pontificia Universidad Católica De Chile, Ponente, Internacional, 2015,05,17 ,,,
NATURATU,"Congreso Latinoamericano de Fisicoquímica Orgánica ""CLAFQO-13""", Congreso ,Córdoba, UNIVERSIDAD DE CHILE, Ponente, Internacional, 2015,05,17 ,,,
NATURATU,"Congreso Latinoamericano de Fisicoquímica Orgánica ""CLAFQO-13""", Congreso ,Córdoba, UNIVERSIDAD DE CHILE, Ponente, Internacional, 2015,05,17 ,,,
NATURATU,"Congreso Latinoamericano de Fisicoquímica Orgánica ""CLAFQO-13""", Congreso ,Córdoba, UNIVERSIDAD DE CHILE, Ponente, Internacional, 2015,05,17 ,,,
NATURATU,"Congreso Latinoamericano de Fisicoquímica Orgánica ""CLAFQO-13""", Congreso ,Córdoba, UNIVERSIDAD DE CHILE, Ponente, Internacional, 2015,05,17 ,,,
NATURATU,"Congreso Latinoamericano de Fisicoquímica Orgánica ""CLAFQO-13""", Congreso ,Córdoba, UNIVERSIDAD DE CHILE, Ponente, Internacional, 2015,05,17 ,,,
NATURATU,Formación de líderes para la formación y acompañamiento de docentes de la Universidad de Ibagué, Otro ,IBAGUÉ, UNIVERSIDAD DE LOS ANDES, Asistente, Nacional, 2015,04,06 ,,,
NATURATU,Acompañamiento pedagógico para el rediseño de cursos, Otro ,IBAGUÉ, UNIVERSIDAD DE LOS ANDES, Asistente, Nacional, 2015,04,01 ,,,
NATURATU,EMBO workshop: Emerging concepts of the neuronal cytoskeleton, Congreso ,Puerto Varas, UNIVERSIDAD DE CHILE, Ponente, Internacional, 2015,03,22 ,,,
NATURATU,Gordon Research Conference ¿Oxidative Stress and Disease¿.The Redox Biology of Age-Related Diseases, Congreso ,Ventura-California, UNIVERSIDAD DE CHILE, Ponente, Internacional, 2015,03,01 ,,,
NATURATU,Foro Regional de Área Protegidas y otras estrategias de conservación, Otro ,IBAGUÉ, UNIVERSIDAD DE IBAGUÉ, Ponente, Nacional, 2014,12,16 ,,,
NATURATU,"Seminario-Taller ""Escritura académica""", Taller ,IBAGUÉ, UNIVERSIDAD DE IBAGUÉ, Asistente, Nacional, 2014,12,05 ,,,
NATURATU,RT 16 Mamíferos Acuáticos de Suramérica (SOLAMAC), Congreso ,CARTAGENA DE INDIAS, UNIVERSIDAD DE IBAGUÉ, Ponente, Internacional, 2014,12,01 ,,,
NATURATU,IV Congreso Colombiano de Zoología, Congreso ,CARTAGENA DE INDIAS, UNIVERSIDAD AUSTRAL DE CHILE, Ponente, Nacional, 2014,12,01 ,,,
NATURATU,IV Congreso Colombiano de Zoología, Congreso ,CARTAGENA DE INDIAS, UNIVERSIDAD DE IBAGUÉ, Ponente, Nacional, 2014,12,01 ,,,
NATURATU,IV Congreso Colombiano de Zoología, Congreso ,CARTAGENA DE INDIAS, Asociación Colombiana de Zoología, Ponente, Nacional, 2014,12,01 ,,,
NATURATU,IV Congreso Colombiano de Zoología, Congreso ,CARTAGENA DE INDIAS, UNIVERSIDAD DE CALDAS, Ponente, Nacional, 2014,12,01 ,,,
NATURATU,"III Encuentro de productores de café en el municipio del Líbano Tolima, noviembre 2014", Encuentro ,LÍBANO, Unibague, Organizador, Nacional, 2014,11,21 ,,,
NATURATU,Dynamics Days South America 2014, Congreso ,Viña del Mar, Pontificia Universidad Católica De Chile, Ponente, Internacional, 2014,11,03 ,,,
NATURATU,XV Semana de la facultad de ciencias de la Universidad del Tolima, Otro ,IBAGUÉ, UNIVERSIDAD DE IBAGUÉ, Ponente Magistral, Nacional, 2014,10,28 ,,,
NATURATU,XXVIII Anual Meeting of Sociedad de Biología Celular de Chile, Encuentro ,Puerto Varas, UNIVERSIDAD DE CHILE, Ponente, Internacional, 2014,10,26 ,,,
NATURATU,WOSC 2014, Congreso ,IBAGUÉ, UNIVERSIDAD DE IBAGUÉ, Ponente, Internacional, 2014,10,15 ,,,
NATURATU,31 Congreso latinoamericano de Química, Congreso ,Fajardo, UNIVERSIDAD DE IBAGUÉ, Ponente, Internacional, 2014,10,14 ,,,
NATURATU,XXXI Congreso Latinoamericano de Química, Congreso ,Ciudad de Mexico, UNIVERSIDAD DE IBAGUÉ, Ponente, Internacional, 2014,10,14 ,,,
NATURATU,XXXI Congreso Latinoamericano de Química, Congreso ,Ciudad de Mexico, UNIVERSIDAD DE IBAGUÉ, Ponente, Internacional, 2014,10,14 ,,,
NATURATU,XXXI Congreso Latinoamericano de Química, Congreso ,Ciudad de Mexico, Pontificia Universidad Católica De Chile, Ponente, Internacional, 2014,10,14 ,,,
NATURATU,XXXI Congreso Latinoamericano de Química, Congreso ,"BOGOTÁ, D.C.", Pontificia Universidad Católica De Chile, Ponente, Internacional, 2014,10,14 ,,,
NATURATU,9th Workshop of Computational Chemistry and Molecular Spectroscopy, Encuentro ,Valparaíso, UNIVERSIDAD ANDRES BELLO, Ponente, Internacional, 2014,10,13 ,,,
NATURATU,XVIII CONGRESO DE LA SOCIEDAD MESOAMERICANA PARA LA BIOLOGÍA Y LA CONSERVACIÓN, Congreso ,Copán Ruinas, UNIVERSIDAD DEL TOLIMA, Ponente, Internacional, 2014,10,13 ,,,
NATURATU,III Coloquio Internacional en Didácticas específicas y currículo, Otro ,IBAGUÉ, UNIVERSIDAD DE IBAGUÉ, Asistente, Nacional, 2014,10,06 ,,,
NATURATU,International Conference on Algebraic Methods in Dynamical System Conference AMDS-2014, Congreso ,BARRANQUILLA, UNIVERSIDAD DE IBAGUÉ, Ponente, Internacional, 2014,10,05 ,,,
NATURATU,SIU 2014 SEMANA DE INVESTIGACION UNIVERSITARIA, Otro ,IBAGUÉ, UNIVERSIDAD DE IBAGUÉ, Ponente, Nacional, 2014,09,22 ,,,
NATURATU,Semana de Investigación Universitaria SIU2014, Encuentro ,IBAGUÉ, UNIVERSIDAD DE IBAGUÉ, Ponente, Nacional, 2014,09,22 ,,,
NATURATU,The XV Congress of the International Society for Behavioral Ecology, Congreso ,MANHATTAN, UNIVERSIDAD DE IBAGUÉ, Ponente, Internacional, 2014,07,30 ,,,
NATURATU,Seminario-taller en formulación de proyectos de investigación, Taller ,IBAGUÉ, UNIVERSIDAD DE IBAGUÉ, Asistente, Nacional, 2014,06,09 ,,,
NATURATU,IV Encuentro nacional de matemáticas y estadística, Encuentro ,IBAGUÉ, UNIVERSIDAD DEL TOLIMA, Ponente, Nacional, 2014,05,07 ,,,
NATURATU,"Curso ""Módulos pedagógicos para el rediseño de cursos""", Otro ,IBAGUÉ, UNIVERSIDAD DE LOS ANDES, Asistente, Nacional, 2014,03,28 ,,,
NATURATU,XIX SINAQO (Simposio Nacional de Química Orgánica), Simposio ,Mar del Plata, Sociedad Argentina en Investigaciones en Quimica Organica, Ponente, Internacional, 2013,11,16 ,,,
NATURATU,VII Congreso de la red latinoamericana de ciencias ambientales, Congreso ,San Carlos, Instituto Tecnológico De Costa Rica, Ponente, Internacional, 2013,11,11 ,,,
NATURATU,IV CONGRESO COLOMBIANO DE ORNITOLOGÍA, Congreso ,CALI, Asociación Colombiana De Ornitología, Ponente, Nacional, 2013,11,05 ,,,
NATURATU,V Reunión Binacional de Ecología y XX Reunión de la Sociedad de Ecología de chile, Congreso ,Puerto Varas, SOCIEDAD DE ECOLOGIA DE CHILE, Ponente, Internacional, 2013,11,03 ,,,
NATURATU,VII Congreso Internacional de Materiales, Congreso ,MEDELLÍN, UNIVERSIDAD DE ANTIOQUIA, Ponente, Internacional, 2013,10,29 ,,,
NATURATU,Congreso Internacional de Materiales, Congreso ,MEDELLÍN, UNIVERSIDAD DE ANTIOQUIA, Ponente, Internacional, 2013,10,29 ,,,
NATURATU,"II Encuentro de productores de café en el municipio del Líbano Tolima, noviembre 2013", Encuentro ,IBAGUÉ, Unibague, Organizador, Nacional, 2013,10,18 ,,,
NATURATU,XLVIII Congreso Nacional de Ciencias Biológicas, Congreso ,"BOGOTÁ, D.C.", Asociación Colombiana De Ciencias Biológicas - A.C.C.B., Ponente, Internacional, 2013,10,06 ,,,
NATURATU,XLVIII Congreso Nacional de Ciencias Biológicas, Congreso ,"BOGOTÁ, D.C.", Asociación Colombiana De Ciencias Biológicas - A.C.C.B., Ponente, Nacional, 2013,10,06 ,,,
NATURATU,World Engineering Education Forum, Congreso ,CARTAGENA DE INDIAS, UNIVERSIDAD DE IBAGUÉ, Ponente, Nacional, 2013,09,24 ,,,
NATURATU,Semana de Investigación Universitaria 2013, Otro ,IBAGUÉ, UNIVERSIDAD DE IBAGUÉ, Ponente, Nacional, 2013,09,24 ,,,
NATURATU,World Engineering Education Forum WEEF 2013, Simposio ,CARTAGENA DE INDIAS, Asociación Colombiana De Facultades De Ingeniería - Acofi," Asistente , Ponente", Internacional, 2013,09,24 ,,,
NATURATU,World Engineering Education Forum, Simposio ,CARTAGENA DE INDIAS, Asociación Colombiana De Facultades De Ingeniería - Acofi," Asistente , Ponente", Internacional, 2013,09,24 ,,,
NATURATU,World Engineering Education Forum, Simposio ,CARTAGENA DE INDIAS, Asociación Colombiana De Facultades De Ingeniería - Acofi," Asistente , Ponente", Internacional, 2013,09,24 ,,,
NATURATU,World Engineering Education Forum, Simposio ,CARTAGENA DE INDIAS, Asociación Colombiana De Facultades De Ingeniería - Acofi," Asistente , Ponente", Internacional, 2013,09,24 ,,,
NATURATU,World Engineering Education Forum, Simposio ,CARTAGENA DE INDIAS, Asociación Colombiana De Facultades De Ingeniería - Acofi," Asistente , Ponente", Internacional, 2013,09,24 ,,,
NATURATU,World Engineering Education Forum, Simposio ,CARTAGENA DE INDIAS, Asociación Colombiana De Facultades De Ingeniería - Acofi," Asistente , Ponente", Internacional, 2013,09,24 ,,,
NATURATU,Global Attributes and Competencias: An Initiative to Identify and Assess Key Characteristics of the Worlds Future Engineers, Taller ,CARTAGENA DE INDIAS, Asociación Colombiana De Facultades De Ingeniería - Acofi, Asistente, Internacional, 2013,09,24 ,,,
NATURATU,"Taller ""Global attributes and competencies: An initiative to identify and asses key characteristics of the worlds future engineers""", Taller ,CARTAGENA DE INDIAS, Asociación Colombiana De Facultades De Ingeniería - Acofi, Asistente, Internacional, 2013,09,24 ,,,
NATURATU,"VI International Conference on Surfaces, Materials and Vacuum", Congreso ,CARTAGENA DE INDIAS, UNIVERSIDAD DE IBAGUÉ, Ponente, Internacional, 2013,09,23 ,,,
NATURATU,"VI International Conference on Surfaces, Materials and Vacuum", Congreso ,Mérida,  Sociedad Mexicana de Ciencia y Tecnología de Superficies y Materiales A., Ponente, Internacional, 2013,09,23 ,,,
NATURATU,"Diplomado ""Aproximación a la propiedad intelectual""", Otro ,IBAGUÉ, UNIVERSIDAD DE IBAGUÉ, Asistente, Nacional, 2013,09,18 ,,,
NATURATU,Semana Universitaria de Investigaciones, Encuentro ,IBAGUÉ, UNIVERSIDAD DE IBAGUÉ, Ponente, Nacional, 2013,09,16 ,,,
NATURATU,XVII CONGRESO DE LA SOCIEDAD MESOAMERICANA PARA LA BIOLOGÍA Y LA CONSERVACIÓN, Congreso ,La Habana, Sociedad Mesoamericana para la Biología y la Conservación, Ponente, Internacional, 2013,09,16 ,,,
NATURATU,XVII CONGRESO DE LA SOCIEDAD MESOAMERICANA PARA LA BIOLOGÍA Y LA CONSERVACIÓN, Congreso ,Habana, Sociedad Mesoamericana para la Biología y la Conservación, Ponente, Internacional, 2013,09,16 ,,,
NATURATU,Semana Universitaria de Investigaciones SUI 2013, Seminario ,IBAGUÉ, UNIVERSIDAD DE IBAGUÉ, Ponente, Nacional, 2013,09,10 ,,,
NATURATU,VII Congreso Colombiano de Botánica, Congreso ,IBAGUÉ, Asociaciòn Colombiana de Botánica, Ponente, Nacional, 2013,08,06 ,,,
NATURATU,II Reunión de Directores de Carreras de Ciencias, Encuentro ,"BOGOTÁ, D.C.", Asociación Colombiana De Facultades De Ingeniería - Acofi," Asistente , Ponente", Nacional, 2013,06,06 ,,,
NATURATU,XI Encuentro Departamental de Semilleros de Investigación, Encuentro ,HONDA, Fundación Red Colombiana de Semilleros de Investigación RedColsi, Ponente Magistral, Nacional, 2013,05,17 ,,,
NATURATU,III Encuentro nacional de matemáticas y estadística 2013, Encuentro ,IBAGUÉ, UNIVERSIDAD DEL TOLIMA," Asistente , Ponente", Nacional, 2013,04,24 ,,,
NATURATU,Dynamics Days South America 2012, Congreso ,CARTAGENA DE INDIAS, UNIVERSIDAD NACIONAL DE COLOMBIA," Ponente Magistral , Ponente", Internacional, 2012,11,20 ,,,
NATURATU,"I Encuentro de productores de café en el municipio del Líbano Tolima, noviembre 2012", Encuentro ,LÍBANO, Unibague, Organizador, Nacional, 2012,10,19 ,,,
NATURATU,XLVII Congreso de la Asociación Colombiana de Ciencias Biológicas, Congreso ,CALI, Asociación Colombiana De Ciencias Biológicas - A.C.C.B., Ponente, Nacional, 2012,10,09 ,,,
NATURATU,"IV Congreso Internacional de matemática educativa, tecnología computacional 2012", Congreso ,IBAGUÉ, UNIVERSIDAD DE IBAGUÉ, Ponente, Internacional, 2012,10,09 ,,,
NATURATU,Jornada de investigación de la Fac. Ciencias Naturales y Matemáticas Semana Universitaria de Investigaciones - SUI2012, Encuentro ,IBAGUÉ, UNIVERSIDAD DE IBAGUÉ, Ponente, Nacional, 2012,10,02 ,,,
NATURATU,Semana Universitaria de Investigaciones SUI2012, Seminario ,IBAGUÉ, UNIVERSIDAD DE IBAGUÉ, Ponente, Nacional, 2012,10,01 ,,,
NATURATU,Congreso nacional de ingeniería aplicada CNIA 2012, Congreso ,IBAGUÉ, UNIVERSIDAD DE IBAGUÉ, Ponente, Nacional, 2012,09,27 ,,,
NATURATU,Semana de Investigación Universitaria 2012, Otro ,IBAGUÉ, UNIVERSIDAD DE IBAGUÉ, Ponente, Nacional, 2012,09,25 ,,,
NATURATU,XVI CONGRESO DE LA SOCIEDAD MESOAMERICANA PARA LA BIOLOGÍA Y LA CONSERVACIÓN, Congreso ,Panamá, Sociedad Mesoamericana para la Biología y la Conservación, Ponente, Internacional, 2012,09,17 ,,,
NATURATU,XVI Congreso de la Sociedad Mesoamericana para la Biología y la Conservación, Congreso ,Panamá, UNIVERSIDAD DE IBAGUÉ, Ponente, Internacional, 2012,09,17 ,,,
NATURATU,XVI Congreso De la Sociedad Mesomericana para la Biología y la Conservación, Congreso ,Panamá, UNIVERSIDAD DEL TOLIMA, Ponente, Internacional, 2012,09,17 ,,,
NATURATU,Semana de Investigación Universitaria, Otro ,IBAGUÉ, UNIVERSIDAD DE IBAGUÉ, Ponente, Nacional, 2012,09,03 ,,,
NATURATU,II diplomado competencias básicas en TIC para docentes universitarios, Taller ,IBAGUÉ, UNIVERSIDAD DE IBAGUÉ, Asistente, Nacional, 2012,08,23 ,,,
NATURATU,I Seminario de Formación en Investigación, Seminario ,IBAGUÉ, Fundación Red Colombiana de Semilleros de Investigación RedColsi, Ponente Magistral, Nacional, 2012,04,13 ,,,
NATURATU,IX Congreso de Ornitología Neotropical, Congreso ,Cusco,  Sociedad de Ornitología Neotropica, Ponente, Nacional, 2011,11,08 ,,,
NATURATU,Jornada de investigación de la Fac. Ciencias Naturales y Matemáticas Semana Universitaria de Investigaciones - SUI2011, Encuentro ,IBAGUÉ, UNIVERSIDAD DE IBAGUÉ, Ponente, Nacional, 2011,11,01 ,,,
NATURATU,XLVI Congreso Colombiano de Ciencias Biológicas, Congreso ,MEDELLÍN, Asociación Colombiana De Ciencias Biológicas - A.C.C.B., Ponente, Nacional, 2011,10,11 ,,,
NATURATU,XLVI Congreso Nacional de Ciencias Biológicas, Congreso ,MEDELLÍN, Catie, Ponente, Nacional, 2011,10,11 ,,,
NATURATU,XXIV Congreso Nacional de Física, Congreso ,"BOGOTÁ, D.C.", UNIVERSIDAD NACIONAL DE COLOMBIA SEDE BOGOTA," Asistente , Ponente", Nacional, 2011,10,03 ,,,
NATURATU,IV International Conference on Surfaces Materials and Vacuum, Congreso ,Puerto Vallarta, UNIVERSIDAD DE IBAGUÉ, Ponente, Internacional, 2011,09,26 ,,,
NATURATU,Taller de Redacción Científica, Taller ,IBAGUÉ, UNIVERSIDAD DE IBAGUÉ, Organizador, Nacional, 2011,09,03 ,,,
NATURATU,XI CONGRESO COLOMBIANO DE ICTIOLOGÍA Y II ENCUENTRO SURAMERICANO DE ICTIÓLOGOS, Congreso ,IBAGUÉ, UNIVERSIDAD DEL TOLIMA, Asistente, Nacional, 2011,05,11 ,,,
NATURATU,Primer encuentro nacional de matemáticas y estadística, Encuentro ,IBAGUÉ, UNIVERSIDAD DEL TOLIMA," Asistente , Ponente", Nacional, 2011,05,11 ,,,
NATURATU,Semana Universitaria de Investigaciones SUI2011, Seminario ,IBAGUÉ, UNIVERSIDAD DE IBAGUÉ," Organizador , Ponente", Nacional, 2011,01,01 ,,,
NATURATU,III CONGRESO COLOMBIANO DE ZOOLOGÍA Y III CONGRESO COLOMBIANO DE ORNITOLOGÍA, Congreso ,MEDELLÍN, Asociación Colombiana de Zoología, Organizador, Nacional, 2010,11,21 ,,,
NATURATU,XI  Congreso Iberoamericano de Materiales y Metalurgia IBEROMET CONAMET 2010, Congreso ,Viña del Mar, UNIVERSIDAD DE IBAGUÉ, Ponente, Internacional, 2010,11,02 ,,,
NATURATU,Seminario Internacional Nanociencia 2010, Seminario ,BARRANQUILLA, UNIVERSIDAD DE IBAGUÉ, Ponente, Internacional, 2010,10,21 ,,,
NATURATU,Tercer  encuentro nacional de profesores de ciencias exactas y naturales, Encuentro ,IBAGUÉ, UNIVERSIDAD DE IBAGUÉ, Asistente, Nacional, 2010,10,20 ,,,
NATURATU,3 Encuentro Nacional de Profesores de Ciencias Exactas y Naturales, Encuentro ,IBAGUÉ, UNIVERSIDAD DE IBAGUÉ, Organizador, Nacional, 2010,10,20 ,,,
NATURATU,IX Escuela  Nacional de Física de la materia Condensada, Otro ,IBAGUÉ, Sociedad Colombiana De Física, Asistente, Nacional, 2010,01,01 ,,,
NATURATU,XXX DYNAMICS DAYS EUROPE, Congreso ,Bristol, UNIVERSITY OF BRISTOL, Organizador, Internacional, 2010,01,01 ,,,
NATURATU,Encuentro en didáctica de las ciencias Naturales y exactas, Encuentro ,IBAGUÉ, UNIVERSIDAD DE IBAGUÉ, Asistente, Nacional, 2009,10,19 ,,,
NATURATU,5 to Encuentro Nacional de Materiales modulo ceramicos, Encuentro ,MEDELLÍN, UNIVERSIDAD DE IBAGUÉ, Ponente, Nacional, 2009,09,01 ,,,
NATURATU,X IBEROMET, Otro ,Cartagena, UNIVERSIDAD DE IBAGUÉ, Ponente, Internacional, 2008,10,13 ,,,
NATURATU,Informs 2008, Congreso ,"Washington, D.C.", INFORMS, Organizador, Internacional, 2008,10,01 ,,,
NATURATU,Curso de Agreoecología Tropical, Otro ,Turrialba, Centro Agronomico Tropical De Investigacion Y Enseñanza, Organizador, Internacional, 2008,09,11 ,,,
NATURATU,21st European Conference on Operational Research, Congreso ,Reykjavik, Varios, Organizador, Nacional, 2006,06,01 ,,,
NATURATU,Seminario Taller de Nematodos de Vida Libre como Indicadores de Calidad y Salud de Suelos, Seminario ,Turrialba, Centro Agronomico Tropical De Investigacion Y Enseñanza, Organizador, Internacional, 2005,09,26 ,,,
NATURATU,XXV Dynamics Days Europe 2005, Congreso ,Berlin, Technische Universitat Berlin, Organizador, Nacional, 2005,07,01 ,,,
NATURATU,XIX Congreso Nacional de Física., Congreso ,MANIZALES, Sociedad Colombiana De Física, Organizador, Nacional, 2001,01,01 ,,,
NATURATU,IV Escuela Nacional de Física de la Materia Condensada y I Encuentro Internacional de Física Aplicada a la Industria del Petróleo (I-EIFAIP)., Congreso ,BUCARAMANGA,, Organizador, Nacional, 2000,01,01 ,,,
Grupo de Investigación en Química Bioorgánica y Sistemas Moleculares -QBOSMO-,Semana de Investigación Universitaria 2020, Encuentro ,IBAGUÉ, UNIVERSIDAD DE IBAGUÉ, Ponente, Nacional, 2020,12,03 ,,,
Grupo de Investigación en Química Bioorgánica y Sistemas Moleculares -QBOSMO-,Semana de Investigación Universitaria SIU 2020, Encuentro ,IBAGUÉ, UNIVERSIDAD DE IBAGUÉ, Ponente, Nacional, 2020,12,03 ,,,
Grupo de Investigación en Química Bioorgánica y Sistemas Moleculares -QBOSMO-,XXXIII Jornadas Chilenas de Química, Congreso ,Puerto Varas, UNIVERSIDAD DE IBAGUÉ, Ponente, Internacional, 2020,01,07 ,,,
Grupo de Investigación en Química Bioorgánica y Sistemas Moleculares -QBOSMO-,"1er Taller Departamental sobre Cannabis: Una Bonanza Intersectorial para el Tolima. Verdades, Mitos y Realidades, desde la Trazabilidad Agropecuaria, Agroindustrial, Textil y Farmacéutica.", Taller ,IBAGUÉ, CAMARA DE COMERCIO DE IBAGUE, Asistente, Nacional, 2019,12,06 ,,,
Grupo de Investigación en Química Bioorgánica y Sistemas Moleculares -QBOSMO-,V Congreso Colombiano de Biología Computacional, Congreso ,IBAGUÉ, UNIVERSIDAD DEL TOLIMA, Ponente Magistral, Nacional, 2019,11,06 ,,,
Grupo de Investigación en Química Bioorgánica y Sistemas Moleculares -QBOSMO-,XVIII Congreso Colombiano de Química, Congreso ,POPAYÁN, UNIVERSIDAD DE IBAGUÉ, Ponente Magistral, Nacional, 2019,11,06 ,,,
Grupo de Investigación en Química Bioorgánica y Sistemas Moleculares -QBOSMO-,XVIII Congreso Colombiano de Química, Congreso ,POPAYÁN, UNIVERSIDAD DE IBAGUÉ, Ponente, Nacional, 2019,11,06 ,,,
Grupo de Investigación en Química Bioorgánica y Sistemas Moleculares -QBOSMO-,XVIII Congreso Colombiano de Química, Congreso ,POPAYÁN, UNIVERSIDAD DE IBAGUÉ, Ponente, Nacional, 2019,11,06 ,,,
Grupo de Investigación en Química Bioorgánica y Sistemas Moleculares -QBOSMO-,XVIII Congreso Colombiano de Química, Congreso ,POPAYÁN, UNIVERSIDAD DE IBAGUÉ, Ponente, Nacional, 2019,11,06 ,,,
Grupo de Investigación en Química Bioorgánica y Sistemas Moleculares -QBOSMO-,International Symposium on Dyes and Pigments, Simposio ,Sevilla, UNIVERSIDAD DE CHILE, Ponente, Internacional, 2019,09,08 ,,,
Grupo de Investigación en Química Bioorgánica y Sistemas Moleculares -QBOSMO-,7th. Latin American Symposium on Coordination and Organometallic Chemistry, Simposio ,CARTAGENA DE INDIAS, UNIVERSIDAD DE LOS ANDES, Ponente, Internacional, 2019,08,28 ,,,
Grupo de Investigación en Química Bioorgánica y Sistemas Moleculares -QBOSMO-,2nd Molecules Medicinal Chemistry Symposium (MMCS): Facing Novel Challenges in Drug Discovery, Simposio ,Barcelona, MDPI, Ponente, Internacional, 2019,05,15 ,,,
Grupo de Investigación en Química Bioorgánica y Sistemas Moleculares -QBOSMO-,2nd Molecules Medicinal Chemistry Symposium (MMCS): Facing Novel Challenges in Drug Discovery, Simposio ,Barcelona, MDPI, Ponente, Internacional, 2019,05,15 ,,,
Grupo en Modelado y Simulación de Sistemas Sociales Complejos MYSCO,Air Transport Research Society 2022 World Conference, Congreso ,Arrondissement Antwerpen, Cranfield University," Asistente , Ponente", Internacional, 2022,08,24 ,,,
Grupo en Modelado y Simulación de Sistemas Sociales Complejos MYSCO,IX JORNADA DE INTERCAMBIO DE EXPERIENCIAS EN PROMOCIÓN Y EDUCACIÓN PARA LA SALUD, Encuentro ,Departamento de Doctor Manuel Belgrano, UNIVERSIDAD DE IBAGUÉ, Ponente, Internacional, 2022,08,18 ,,,
Grupo en Modelado y Simulación de Sistemas Sociales Complejos MYSCO,Seminario de arte y ciudad, Seminario ,NEIVA, UNIVERSIDAD DE IBAGUÉ, Ponente, Nacional, 2022,08,01 ,,,
Grupo en Modelado y Simulación de Sistemas Sociales Complejos MYSCO,Conferencia Internacional InnovaT: Enseñanza Innovadora en la Educación Superior, Encuentro ,Provincia de Piura, UNIVERSIDAD DE PIURA, Ponente, Internacional, 2022,06,08 ,,,
Grupo en Modelado y Simulación de Sistemas Sociales Complejos MYSCO,XVI Encuentro Bonaventuriano de Investigación, Otro ,IBAGUÉ, UNIVERSIDAD DE SAN BUENAVENTURA - SEDE MEDELLÍN, Ponente Magistral, Nacional, 2022,05,18 ,,,
Grupo en Modelado y Simulación de Sistemas Sociales Complejos MYSCO,X Reunión de Teoría Arqueológica de América del Sur, Encuentro ,Oaxaca de Juárez, UNIVERSIDAD DE IBAGUÉ, Ponente, Internacional, 2022,05,03 ,,,
Grupo en Modelado y Simulación de Sistemas Sociales Complejos MYSCO,Semana de Investigación Universitaria SIU 2021, Otro ,IBAGUÉ, UNIVERSIDAD DE IBAGUÉ, Ponente Magistral, Nacional, 2021,12,02 ,,,
Grupo en Modelado y Simulación de Sistemas Sociales Complejos MYSCO,VI Congreso de Universidades Promotoras de Salud REDCUPS 2021: Universidad incluyente y pluricultural, Congreso ,MANIZALES, UNIVERSIDAD DE CALDAS, Ponente, Nacional, 2021,10,21 ,,,
Grupo en Modelado y Simulación de Sistemas Sociales Complejos MYSCO,La Cátedra de la Asociación Colombiana de Facultades en Humanidades y Ciencias Sociales, Otro ,"BOGOTÁ, D.C.", ASOCIACIÓN COLOMBIANA DE FACULTADES DE HUMANIDADES Y DE CIENCIAS SOCIALES, Organizador, Nacional, 2021,10,20 ,,,
Grupo en Modelado y Simulación de Sistemas Sociales Complejos MYSCO,3er. Congreso internacional de experiencias en formación de profesores, Congreso ,IBAGUÉ, UNIVERSIDAD DEL TOLIMA, Ponente, Internacional, 2021,10,06 ,,,
Grupo en Modelado y Simulación de Sistemas Sociales Complejos MYSCO,3er Congreso Internacional de Experiencias en Formación de Profesores, Congreso ,IBAGUÉ, UNIVERSIDAD DE IBAGUÉ, Ponente, Internacional, 2021,10,06 ,,,
Grupo en Modelado y Simulación de Sistemas Sociales Complejos MYSCO,WOSC 2021 Congress, Congreso ,Moscú, World Organisation of Systems and Cybernetics, Ponente, Internacional, 2021,09,27 ,,,
Grupo en Modelado y Simulación de Sistemas Sociales Complejos MYSCO,World Organisation of Systems and Cybernetics WOSC Congress 2021, Congreso ,Moscú, UNIVERSIDAD DE IBAGUÉ, Ponente, Internacional, 2021,09,27 ,,,
Grupo en Modelado y Simulación de Sistemas Sociales Complejos MYSCO,Foro Internacional Promoción de la salud en la región de las Américas, Otro ,São Paulo, Universidade de São Paulo, Ponente Magistral, Internacional, 2021,07,06 ,,,
Grupo en Modelado y Simulación de Sistemas Sociales Complejos MYSCO,Encuentro de la Alianza para la formación socioemocional de Colombia, Encuentro ,"BOGOTÁ, D.C.", UNIVERSIDAD DE IBAGUÉ, Ponente Magistral, Nacional, 2021,04,29 ,,,
Grupo en Modelado y Simulación de Sistemas Sociales Complejos MYSCO,VII ASAMBLEA GENERAL RED ACADEMICA DE MOVILIDAD, Encuentro ,IBAGUÉ, UNIVERSIDAD DE IBAGUÉ, Organizador, Nacional, 2021,01,18 ,,,
Grupo en Modelado y Simulación de Sistemas Sociales Complejos MYSCO,II Congreso Iberoamericano de Soluciones Sistémicas para la Transformación de las Organizaciones, Congreso ,Madrid, UNIVERSIDAD DE IBAGUÉ, Ponente, Internacional, 2020,12,09 ,,,
Grupo en Modelado y Simulación de Sistemas Sociales Complejos MYSCO,Semana de Investigación Universitaria, Otro ,IBAGUÉ, UNIVERSIDAD DE IBAGUÉ, Ponente, Nacional, 2020,12,03 ,,,
Grupo en Modelado y Simulación de Sistemas Sociales Complejos MYSCO,Semana Universitaria de Investigaciones 2020, Congreso ,IBAGUÉ, UNIVERSIDAD DE IBAGUÉ, Ponente, Nacional, 2020,12,03 ,,,
Grupo en Modelado y Simulación de Sistemas Sociales Complejos MYSCO,Semana de Investigación Universitaria 2020, Encuentro ,IBAGUÉ, UNIVERSIDAD DE IBAGUÉ, Ponente, Nacional, 2020,12,03 ,,,
Grupo en Modelado y Simulación de Sistemas Sociales Complejos MYSCO,"Tercer encuentro de semilleros de investigación de la Facultad de Humanidades, Artes y Ciencias Sociales", Encuentro ,IBAGUÉ, UNIVERSIDAD DE IBAGUÉ, Organizador, Nacional, 2020,11,10 ,,,
Grupo en Modelado y Simulación de Sistemas Sociales Complejos MYSCO,I Congreso Internacional en Desarrollo Regional, Congreso ,IBAGUÉ, UNIVERSIDAD DE IBAGUÉ, Ponente, Internacional, 2020,10,22 ,,,
Grupo en Modelado y Simulación de Sistemas Sociales Complejos MYSCO,3a edición Premio Interamericano en Modelos Educativos Innovadores en Educación Superior (Premio MEIN-2020), Otro ,Monterrey, UNIVERSIDAD DE IBAGUÉ, Ponente, Internacional, 2020,10,19 ,,,
Grupo en Modelado y Simulación de Sistemas Sociales Complejos MYSCO,CONGRESO LATINOAMERICANO DE EDUCACIÓN (ELE 2020), Congreso ,MEDELLÍN, UNIVERSIDAD DE IBAGUÉ, Ponente, Internacional, 2020,10,07 ,,,
Grupo en Modelado y Simulación de Sistemas Sociales Complejos MYSCO,Encuentro Latinoamericano de Educación, Congreso ,MEDELLÍN, UNIVERSIDAD DE IBAGUÉ, Ponente, Internacional, 2020,10,07 ,,,
Grupo en Modelado y Simulación de Sistemas Sociales Complejos MYSCO,32nd European Modeling & Simulation Symposium (EMSS 2020), Simposio ,Viena, Cranfield University, Ponente, Internacional, 2020,09,16 ,,,
Grupo en Modelado y Simulación de Sistemas Sociales Complejos MYSCO,III International Seminar on pedagogical practice, Seminario ,CÚCUTA, UNIVERSIDAD DE IBAGUÉ, Ponente Magistral, Internacional, 2020,08,28 ,,,
Grupo en Modelado y Simulación de Sistemas Sociales Complejos MYSCO,FEST Creativo Digital, Congreso ,IBAGUÉ, CORPORACION UNIFICADA DE EDUCACION SUPERIOR CUN, Ponente Magistral, Nacional, 2020,05,28 ,,,
Grupo en Modelado y Simulación de Sistemas Sociales Complejos MYSCO,Pensando Educación, Encuentro ,"BOGOTÁ, D.C.", UNIVERSIDAD DE IBAGUÉ, Ponente, Nacional, 2020,05,18 ,,,
Grupo en Modelado y Simulación de Sistemas Sociales Complejos MYSCO,"Segunda Jornada de Reflexión de la Facultad de Humanidades, Artes y Ciencias Sociales", Taller ,IBAGUÉ, UNIVERSIDAD DE IBAGUÉ," Compilador de memorias , Organizador", Nacional, 2020,01,31 ,,,
Grupo en Modelado y Simulación de Sistemas Sociales Complejos MYSCO,Business Systems Laboratory International Symposia, Congreso ,Alicante, Business Systems Laboratory, Ponente, Internacional, 2020,01,22 ,,,
Grupo en Modelado y Simulación de Sistemas Sociales Complejos MYSCO,Encuentro Anual de Profesores Innovadores, Encuentro ,IBAGUÉ, UNIVERSIDAD DE IBAGUÉ, Ponente, Nacional, 2019,12,06 ,,,
Grupo en Modelado y Simulación de Sistemas Sociales Complejos MYSCO,Towards a Global Research Agenda for Transformative Innovation Policy, Congreso ,Valencia, Transformative Innovation Policy Consortium (TIPC)," Ponente Magistral , Ponente", Internacional, 2019,11,04 ,,,
Grupo en Modelado y Simulación de Sistemas Sociales Complejos MYSCO,XVIII Congreso Latino-Iberoamericano de Gestión Tecnológica - ALTEC 2019, Congreso ,MEDELLÍN, Asociación Latinoamericana de Gestión de la Innovación Tecnológica, Ponente, Internacional, 2019,10,30 ,,,
Grupo en Modelado y Simulación de Sistemas Sociales Complejos MYSCO,II Encuentro Red MULTIBIEN, Encuentro ,MEDELLÍN, UNIVERSIDAD DE IBAGUÉ, Asistente, Internacional, 2019,10,15 ,,,
Grupo en Modelado y Simulación de Sistemas Sociales Complejos MYSCO,VII Foro Regional CAMINOS INNOVADORES PARA UNA RESPONSABILIDAD SOCIAL EN EL HABITAR EN NUESTRA CASA COMÚN, Congreso ,Valparaíso, UNIVERSIDAD DE IBAGUÉ," Asistente , Ponente", Internacional, 2019,10,03 ,,,
Grupo en Modelado y Simulación de Sistemas Sociales Complejos MYSCO,Segundo simposio en educación 2019, Simposio ,IBAGUÉ, UNIVERSIDAD DE IBAGUÉ, Ponente, Nacional, 2019,09,27 ,,,
Grupo en Modelado y Simulación de Sistemas Sociales Complejos MYSCO,II SImposio en Educación, Simposio ,IBAGUÉ, UNIVERSIDAD DE IBAGUÉ, Ponente, Nacional, 2019,09,27 ,,,
Grupo en Modelado y Simulación de Sistemas Sociales Complejos MYSCO,Encuentro Nacional de Experiencias Vivas, Encuentro ,MEDELLÍN, UNIVERSIDAD DE IBAGUÉ, Ponente Magistral, Nacional, 2019,09,13 ,,,
Grupo en Modelado y Simulación de Sistemas Sociales Complejos MYSCO,Encuentro Nacional de experiencias vivas, Encuentro ,MEDELLÍN, UNIVERSIDAD DE IBAGUÉ, Ponente Magistral, Nacional, 2019,09,13 ,,,
Grupo en Modelado y Simulación de Sistemas Sociales Complejos MYSCO,I simposio nacional de sald mental, Simposio ,IBAGUÉ, UNIVERSIDAD DE IBAGUÉ, Ponente Magistral, Nacional, 2019,09,06 ,,,
Grupo en Modelado y Simulación de Sistemas Sociales Complejos MYSCO,IV simposio departamental de salud mental, Simposio ,IBAGUÉ, UNIVERSIDAD DE IBAGUÉ, Ponente Magistral, Nacional, 2019,09,06 ,,,
Grupo en Modelado y Simulación de Sistemas Sociales Complejos MYSCO,22 Seminario Internacional de Aprendizaje y Servicio Solidario, Seminario ,Buenos Aires, UNIVERSIDAD DE IBAGUÉ, Ponente, Internacional, 2019,08,29 ,,,
Grupo en Modelado y Simulación de Sistemas Sociales Complejos MYSCO,V Jornada de Investigadores sobre Aprendizaje-Servicio, Otro ,Buenos Aires, UNIVERSIDAD DE IBAGUÉ, Ponente, Internacional, 2019,08,28 ,,,
Grupo en Modelado y Simulación de Sistemas Sociales Complejos MYSCO,V Jornada de Investigadores sobre Aprendizaje-Servicio, Otro ,Buenos Aires, UNIVERSIDAD DE IBAGUÉ, Ponente, Internacional, 2019,08,28 ,,,
Grupo en Modelado y Simulación de Sistemas Sociales Complejos MYSCO,Diseño de ambientes de aprendizaje y experiencias de innovación para la transformación educativa, Encuentro ,Buenos Aires, UNIVERSIDAD DE IBAGUÉ, Ponente, Internacional, 2019,08,13 ,,,
Grupo en Modelado y Simulación de Sistemas Sociales Complejos MYSCO,VIII Ciclo de conferencias sobre educación superior ¿Diseño de Comunidades de Aprendizaje y Experiencias Innovadoras de Transformación Educativa¿, Encuentro ,Buenos Aires, UNIVERSIDAD DE IBAGUÉ, Ponente, Internacional, 2019,08,13 ,,,
Grupo en Modelado y Simulación de Sistemas Sociales Complejos MYSCO,"Primer Encuentro Internacional Futuros, Diseños y Sures", Encuentro ,"BOGOTÁ, D.C.", Universidad Jorge Tadeo Lozano," Organizador , Ponente", Internacional, 2019,08,08 ,,,
Grupo en Modelado y Simulación de Sistemas Sociales Complejos MYSCO,Latin American Conference on Complex Networks, Congreso ,CARTAGENA DE INDIAS, UNIVERSIDAD DE IBAGUÉ," Organizador , Ponente", Internacional, 2019,08,05 ,,,
Grupo en Modelado y Simulación de Sistemas Sociales Complejos MYSCO,Cátedra Eric McLuhan, Otro ,"BOGOTÁ, D.C.", UNIVERSIDAD DE LA SABANA, Asistente, Internacional, 2019,07,24 ,,,
Grupo en Modelado y Simulación de Sistemas Sociales Complejos MYSCO, XXXVII Congreso Interamericano de Psicología, Congreso ,La Habana, UNIVERSIDAD DE IBAGUÉ, Ponente, Internacional, 2019,07,15 ,,,
Grupo en Modelado y Simulación de Sistemas Sociales Complejos MYSCO,XXXVII Congreso Interamericano de Psicología, Congreso ,La Habana, UNIVERSIDAD DE IBAGUÉ, Ponente, Internacional, 2019,07,15 ,,,
Grupo en Modelado y Simulación de Sistemas Sociales Complejos MYSCO,XXXVII Congreso Interamericano de Psicología, Congreso ,La Habana, UNIVERSIDAD DE IBAGUÉ, Ponente, Internacional, 2019,07,15 ,,,
Grupo en Modelado y Simulación de Sistemas Sociales Complejos MYSCO,Tercer Encuentro Latinoamericana de enseñanza Aprendizaje, Encuentro ,BARRANQUILLA, UNIVERSIDAD DE IBAGUÉ, Ponente, Internacional, 2019,06,27 ,,,
Grupo en Modelado y Simulación de Sistemas Sociales Complejos MYSCO,XIII Congreso Colombiano de Transporte y Transito ¿ CCTT2019, Congreso ,CARTAGENA DE INDIAS, UNIVERSIDAD DE IBAGUÉ, Ponente, Nacional, 2019,06,26 ,,,
Grupo en Modelado y Simulación de Sistemas Sociales Complejos MYSCO,IISE Annual Conference & Expo, Congreso ,"Orlando, FL",  INSTITUTE OF INDUSTRIAL AND SYSTEMS ENGINEERS, Ponente, Internacional, 2019,05,18 ,,,
Grupo en Modelado y Simulación de Sistemas Sociales Complejos MYSCO,Respirando Región, Otro ,IBAGUÉ, UNIVERSIDAD DE IBAGUÉ, Ponente, Nacional, 2019,05,16 ,,,
Grupo en Modelado y Simulación de Sistemas Sociales Complejos MYSCO,VI Encuentro regional de la red de universidades promotoras de la salud nodo Tolima, Encuentro ,IBAGUÉ, UNIVERSIDAD DEL TOLIMA, Organizador, Nacional, 2019,04,24 ,,,
Grupo en Modelado y Simulación de Sistemas Sociales Complejos MYSCO,VI Encuentro regional de la red de universidades promotoras de la salud nodo Tolima, Encuentro ,IBAGUÉ, UNIVERSIDAD DE IBAGUÉ, Ponente Magistral, Nacional, 2019,04,24 ,,,
Grupo en Modelado y Simulación de Sistemas Sociales Complejos MYSCO,"Conflicto, Comunicación y Salud Mental:Experiencias sobre trabajo práctico con víctimas y su proceso de recuperación", Seminario ,IBAGUÉ, UNIVERSIDAD DE IBAGUÉ, Ponente Magistral, Nacional, 2019,01,24 ,,,
Grupo en Modelado y Simulación de Sistemas Sociales Complejos MYSCO,"Conflicto, comunicación y salud mental: Experiencias sobre trabajo práctico con víctimas y su proceso de recuperación", Seminario ,IBAGUÉ, UNIVERSIDAD DE IBAGUÉ, Ponente Magistral, Nacional, 2019,01,24 ,,,
Grupo en Modelado y Simulación de Sistemas Sociales Complejos MYSCO,"Conflicto, comunicación y salud mental: Experiencias sobre trabajo práctico con víctimas y su proceso de recuperación", Seminario ,IBAGUÉ, UNIVERSIDAD DE IBAGUÉ, Ponente Magistral, Nacional, 2019,01,24 ,,,
Grupo en Modelado y Simulación de Sistemas Sociales Complejos MYSCO,"Primera Jornada de Reflexión Facultad de Humanidades, Artes y Ciencias Sociales", Taller ,IBAGUÉ, UNIVERSIDAD DE IBAGUÉ, Organizador, Nacional, 2018,12,14 ,,,
Grupo en Modelado y Simulación de Sistemas Sociales Complejos MYSCO,"""Hacia una Agenda de Investigación sobre Conocimiento Científico, Sociedad y Construcción de Paz en Colombia""", Taller ,"BOGOTÁ, D.C.", Instituto COLOMBO ALEMAN PARA LA PAZ (CAPAZ), Ponente Magistral, Nacional, 2018,12,09 ,,,
Grupo en Modelado y Simulación de Sistemas Sociales Complejos MYSCO,Octava Muestra de proyectos de Diseño, Otro ,IBAGUÉ, UNIVERSIDAD DE IBAGUÉ, Organizador, Nacional, 2018,11,23 ,,,
Grupo en Modelado y Simulación de Sistemas Sociales Complejos MYSCO,XI Curso Anual De La Escuela Latinoamericana de Pensamiento y Diseño Sistémico, Congreso ,Puerto Montt, UNIVERSIDAD DE LOS ANDES," Ponente Magistral , Ponente", Internacional, 2018,11,05 ,,,
Grupo en Modelado y Simulación de Sistemas Sociales Complejos MYSCO,V Congreso Nacional de Instituciones de Educación Superior y Universidades Promotoras de Salud REDCUPS 2018, Congreso ,IBAGUÉ, UNIVERSIDAD DE IBAGUÉ, Ponente, Nacional, 2018,10,24 ,,,
Grupo en Modelado y Simulación de Sistemas Sociales Complejos MYSCO,V Congreso Nacional de Instituciones de Educación Superior y Universidades Saludables, Congreso ,IBAGUÉ, UNIVERSIDAD DE IBAGUÉ, Organizador, Nacional, 2018,10,24 ,,,
Grupo en Modelado y Simulación de Sistemas Sociales Complejos MYSCO,V Congreso Nacional de Instituciones de Educación Superior y Universidades Saludables, Congreso ,IBAGUÉ, UNIVERSIDAD DE IBAGUÉ, Ponente, Nacional, 2018,10,24 ,,,
Grupo en Modelado y Simulación de Sistemas Sociales Complejos MYSCO,2 Workshop internacional: investigación en imaginarios y representaciones, Otro ,Concepción, UNIVERSIDAD DE IBAGUÉ, Ponente, Internacional, 2018,10,16 ,,,
Grupo en Modelado y Simulación de Sistemas Sociales Complejos MYSCO,"XX CONGRESO PANAMERICANO DE INGENIERÍA DE TRÁNSITO, TRANSPORTE Y LOGÍSTICA 2018", Congreso ,MEDELLÍN, UNIVERSIDAD DE IBAGUÉ, Ponente Magistral, Internacional, 2018,09,26 ,,,
Grupo en Modelado y Simulación de Sistemas Sociales Complejos MYSCO,"Xx Congreso Panamericano de Ingeniería de Tránsito, Transporte y Logística 2018", Congreso ,MEDELLÍN, UNIVERSIDAD DE IBAGUÉ, Ponente, Internacional, 2018,09,26 ,,,
Grupo en Modelado y Simulación de Sistemas Sociales Complejos MYSCO,Conferencia Internacional LAURDS, Congreso ,SANTA MARTA, Latin American University Research and Doctoral Support, Ponente Magistral, Internacional, 2018,09,25 ,,,
Grupo en Modelado y Simulación de Sistemas Sociales Complejos MYSCO,7° Congreso Internacional de Educación Abrapalabra, Congreso ,IBAGUÉ, FundaciÃ³n Abrapalabra, Ponente, Internacional, 2018,09,20 ,,,
Grupo en Modelado y Simulación de Sistemas Sociales Complejos MYSCO,Primer Encuentro de Semilleros de Investigación RAD, Encuentro ,CALI, Asociacion Colombiana Red Académica De Diseño," Asistente , Ponente", Nacional, 2018,09,17 ,,,
Grupo en Modelado y Simulación de Sistemas Sociales Complejos MYSCO,Primer Encuentro de Semilleros de Investigación en Diseño, Encuentro ,CALI, UNIVERSIDAD DE IBAGUÉ, Asistente, Nacional, 2018,09,17 ,,,
Grupo en Modelado y Simulación de Sistemas Sociales Complejos MYSCO,Diseñar Futuros - conversatorio con Arturo Escobar y Tony Fry, Otro ,IBAGUÉ, UNIVERSIDAD DE IBAGUÉ," Organizador , Traductor simultaneo", Internacional, 2018,09,15 ,,,
Grupo en Modelado y Simulación de Sistemas Sociales Complejos MYSCO,Futurar - charla abierta con Tony Fry, Otro ,IBAGUÉ, UNIVERSIDAD DE IBAGUÉ," Organizador , Traductor simultaneo", Nacional, 2018,09,14 ,,,
Grupo en Modelado y Simulación de Sistemas Sociales Complejos MYSCO,"Colombia, de la guerra a la paz", Seminario ,IBAGUÉ, UNIVERSIDAD DE IBAGUÉ, Organizador, Nacional, 2018,09,04 ,,,
Grupo en Modelado y Simulación de Sistemas Sociales Complejos MYSCO,XIV Congreso de la Asociación Latinoamericana de Investigadores de la Comunicación. comunicación en sociedades diversas, Congreso ,San José, UNIVERSIDAD DE IBAGUÉ, Ponente, Internacional, 2018,07,30 ,,,
Grupo en Modelado y Simulación de Sistemas Sociales Complejos MYSCO,Taller de Reflexión y Planeación: Territorio y Universidad, Taller ,IBAGUÉ, UNIVERSIDAD DE IBAGUÉ," Organizador , Ponente Magistral", Nacional, 2018,07,27 ,,,
Grupo en Modelado y Simulación de Sistemas Sociales Complejos MYSCO,"LAURDS International Conference: Perspectives on Culture, Research Strategy an Doctoral Studies in Latin America", Congreso ,Ibarra, Latin American University Research and Doctoral Support, Ponente, Internacional, 2018,07,25 ,,,
Grupo en Modelado y Simulación de Sistemas Sociales Complejos MYSCO,Seminario Gestión de Educación e Internacionalización en las IES, Seminario ,IBAGUÉ, UNIVERSIDAD DE IBAGUÉ, Organizador, Internacional, 2018,07,16 ,,,
Grupo en Modelado y Simulación de Sistemas Sociales Complejos MYSCO,Charla con Grace Turtle sobre otras posibilidades laborales para diseñadores, Otro ,IBAGUÉ, UNIVERSIDAD DE IBAGUÉ, Organizador, Internacional, 2018,07,13 ,,,
Grupo en Modelado y Simulación de Sistemas Sociales Complejos MYSCO,"The 22nd Multi-conference on Systemics, Cybernetics and Informatics: WMSCI 2018", Congreso ,Orlando Florida, International Institute of Informatics and Systemics, Ponente, Internacional, 2018,07,08 ,,,
Grupo en Modelado y Simulación de Sistemas Sociales Complejos MYSCO,Una aproximación desde la cibernética y las artes teatrales a la comprensión y conducción de instituciones de Educación Superior, Seminario ,IBAGUÉ, UNIVERSIDAD DE IBAGUÉ, Traductor simultaneo, Internacional, 2018,07,03 ,,,
Grupo en Modelado y Simulación de Sistemas Sociales Complejos MYSCO,II simposio departamental en salud mental, Simposio ,IBAGUÉ, CORPORACIÓN PROYECTANDO FUTURO, Ponente Magistral, Nacional, 2018,06,08 ,,,
Grupo en Modelado y Simulación de Sistemas Sociales Complejos MYSCO,IX Reunión de Teoría Arqueológica de América del Sur, Encuentro ,Ibarra, UNIVERSIDAD DE IBAGUÉ," Asistente , Ponente", Internacional, 2018,06,04 ,,,
Grupo en Modelado y Simulación de Sistemas Sociales Complejos MYSCO,Séptima Muestra de Diseño, Otro ,IBAGUÉ, UNIVERSIDAD DE IBAGUÉ, Organizador, Nacional, 2018,05,29 ,,,
Grupo en Modelado y Simulación de Sistemas Sociales Complejos MYSCO,17 Festival Internacional de la Imagen, Otro ,MANIZALES, UNIVERSIDAD DE IBAGUÉ, Ponente, Internacional, 2018,05,07 ,,,
Grupo en Modelado y Simulación de Sistemas Sociales Complejos MYSCO, VI Meeting of the LAURDS project, Encuentro ,"BOGOTÁ, D.C.", UNIVERSIDAD DE IBAGUÉ, Asistente, Internacional, 2018,04,27 ,,,
Grupo en Modelado y Simulación de Sistemas Sociales Complejos MYSCO,Seminario Internacional de Estudiantes y Tutores Doctorales: Apoyando Estudios Doctorales Efectivos, Seminario ,"BOGOTÁ, D.C.", Latin American University Research and Doctoral Support, Ponente Magistral, Nacional, 2018,04,26 ,,,
Grupo en Modelado y Simulación de Sistemas Sociales Complejos MYSCO,Transport Research Arena TRA2018, Congreso ,Viena, AVL, Ponente, Internacional, 2018,04,16 ,,,
Grupo en Modelado y Simulación de Sistemas Sociales Complejos MYSCO,Transport Research Arena 2018, Congreso ,Viena, UNIVERSIDAD DE IBAGUÉ," Asistente , Ponente", Internacional, 2018,04,16 ,,,
Grupo en Modelado y Simulación de Sistemas Sociales Complejos MYSCO,Segundo Encuentro Internacional: Experiencias Investigativas en Arquitectura y Diseño, Encuentro ,"BOGOTÁ, D.C.", UNIVERSIDAD DE IBAGUÉ, Ponente, Internacional, 2018,04,11 ,,,
Grupo en Modelado y Simulación de Sistemas Sociales Complejos MYSCO,Segunda cátedra de ética periodística Javier Darío Restrepo, Otro ,IBAGUÉ, UNIVERSIDAD DE IBAGUÉ, Organizador, Nacional, 2018,02,16 ,,,
Grupo en Modelado y Simulación de Sistemas Sociales Complejos MYSCO,La ética periodística en la era de la posverdad, Otro ,IBAGUÉ, UNIVERSIDAD DE IBAGUÉ, Organizador, Nacional, 2018,02,16 ,,,
Grupo en Modelado y Simulación de Sistemas Sociales Complejos MYSCO,Sexta Muestra de Diseño, Otro ,IBAGUÉ, UNIVERSIDAD DE IBAGUÉ, Organizador, Nacional, 2017,11,21 ,,,
Grupo en Modelado y Simulación de Sistemas Sociales Complejos MYSCO,X Curso Anual De La Escuela Latinoamericana de Pensamiento y Diseño Sistémico, Congreso ,Huancayo, Universidad de los Andes Venezuela, Ponente Magistral, Internacional, 2017,10,30 ,,,
Grupo en Modelado y Simulación de Sistemas Sociales Complejos MYSCO,Escuela Latino Americana de Pensamiento y Diseño Sistémico, Congreso ,Huancayo, UNIVERSIDAD DE IBAGUÉ, Ponente, Internacional, 2017,10,30 ,,,
Grupo en Modelado y Simulación de Sistemas Sociales Complejos MYSCO,X CURSO ANUAL DE LA ESCUELA LATINOAMERICANA DE PENSAMIENTO Y DISEÑO SISTÉMICO, Congreso ,Huancayo, UNIVERSIDAD DE IBAGUÉ, Organizador, Internacional, 2017,10,30 ,,,
Grupo en Modelado y Simulación de Sistemas Sociales Complejos MYSCO,VIII Conferencia internacional de psicología de la salud, Congreso ,La Habana, UNIVERSIDAD DE IBAGUÉ, Ponente, Internacional, 2017,10,30 ,,,
Grupo en Modelado y Simulación de Sistemas Sociales Complejos MYSCO,VI Congreso de Medicina Social y Salud Colectiva, Congreso ,San Cristobla de las Casas, UNIVERSIDAD DE IBAGUÉ, Ponente, Internacional, 2017,10,18 ,,,
Grupo en Modelado y Simulación de Sistemas Sociales Complejos MYSCO,IV Encuentro regional de universidades promotoras de la salud, Encuentro ,IBAGUÉ, UNIVERSIDAD DE IBAGUÉ, Ponente Magistral, Nacional, 2017,10,05 ,,,
Grupo en Modelado y Simulación de Sistemas Sociales Complejos MYSCO,Semana de Investigación Universitaria SIU 2017, Encuentro ,IBAGUÉ, UNIVERSIDAD DE IBAGUÉ, Ponente, Nacional, 2017,09,27 ,,,
Grupo en Modelado y Simulación de Sistemas Sociales Complejos MYSCO,Semana de Investigación Universitaria SIU 2017, Encuentro ,IBAGUÉ, UNIVERSIDAD DE IBAGUÉ, Ponente, Nacional, 2017,09,27 ,,,
Grupo en Modelado y Simulación de Sistemas Sociales Complejos MYSCO,Semana Universitaria de Investigaciones, Simposio ,IBAGUÉ, UNIVERSIDAD DE IBAGUÉ, Ponente, Nacional, 2017,09,27 ,,,
Grupo en Modelado y Simulación de Sistemas Sociales Complejos MYSCO,Cómo tejer un Kimono y otras reflexiones urgentes sobre el humanismo, Seminario ,IBAGUÉ, UNIVERSIDAD DE IBAGUÉ, Organizador, Nacional, 2017,08,17 ,,,
Grupo en Modelado y Simulación de Sistemas Sociales Complejos MYSCO,Primer Congreso Internacional de Diseño Industrial, Congreso ,CALI, UNIVERSIDAD DE IBAGUÉ, Ponente, Internacional, 2017,08,16 ,,,
Grupo en Modelado y Simulación de Sistemas Sociales Complejos MYSCO,XII Congreso Colombiano de Tránsito y Transporte, Congreso ,"BOGOTÁ, D.C.", UNIVERSIDAD DE LOS ANDES, Ponente, Nacional, 2017,07,24 ,,,
Grupo en Modelado y Simulación de Sistemas Sociales Complejos MYSCO,XII Congreso Colombiano de Tránsito y Transporte, Congreso ,"BOGOTÁ, D.C.", UNIVERSIDAD DE LOS ANDES, Ponente, Nacional, 2017,07,24 ,,,
Grupo en Modelado y Simulación de Sistemas Sociales Complejos MYSCO,XII Congreso Colombiano de Transporte y Tránsito, Congreso ,"BOGOTÁ, D.C.", UNIVERSIDAD DE IBAGUÉ," Asistente , Organizador , Ponente Magistral , Ponente", Nacional, 2017,07,24 ,,,
Grupo en Modelado y Simulación de Sistemas Sociales Complejos MYSCO,23th Annual International Sustainable Development Research Society (ISDRS) Conference, Congreso ,"BOGOTÁ, D.C.", UNIVERSIDAD DE LOS ANDES, Ponente Magistral, Internacional, 2017,07,14 ,,,
Grupo en Modelado y Simulación de Sistemas Sociales Complejos MYSCO,Quinta Muestra de Diseño, Otro ,IBAGUÉ, UNIVERSIDAD DE IBAGUÉ, Organizador, Nacional, 2017,05,25 ,,,
Grupo en Modelado y Simulación de Sistemas Sociales Complejos MYSCO,Cátedra Salud y Sociedad - Universidad Industrial de Santander., Seminario ,Buenos Aires, UNIVERSIDAD  INDUSTRIAL DE SANTANDER, Ponente Magistral, Nacional, 2017,05,24 ,,,
Grupo en Modelado y Simulación de Sistemas Sociales Complejos MYSCO,Salón de arte plástico imagen y talento, Otro ,IBAGUÉ, UNIVERSIDAD DE IBAGUÉ, Organizador, Nacional, 2017,05,15 ,,,
Grupo en Modelado y Simulación de Sistemas Sociales Complejos MYSCO,El diseño socio-comunicativo de la industria azucarera en Colombia, Taller ,IBAGUÉ, UNIVERSIDAD DE IBAGUÉ," Organizador , Ponente", Nacional, 2017,02,24 ,,,
Grupo en Modelado y Simulación de Sistemas Sociales Complejos MYSCO,Primera Cátedra de ética periodística Javier Darío Restrepo, Otro ,IBAGUÉ, UNIVERSIDAD DE IBAGUÉ, Organizador, Nacional, 2017,02,09 ,,,
Grupo en Modelado y Simulación de Sistemas Sociales Complejos MYSCO,WOSC 17th Congress 2017, Congreso ,Roma, UNIVERSIDAD DE IBAGUÉ," Asistente , Compilador de memorias , Organizador , Ponente", Internacional, 2017,01,25 ,,,
Grupo en Modelado y Simulación de Sistemas Sociales Complejos MYSCO,IEMS'17 - 8th Industrial Engineering and Management Symposium, Simposio ,Porto, UNIVERSIDAD DE IBAGUÉ, Ponente Magistral, Nacional, 2017,01,05 ,,,
Grupo en Modelado y Simulación de Sistemas Sociales Complejos MYSCO,Escuela Latino Americana de Pensamiento Sistémico y Diseño, Congreso ,BUCARAMANGA, UNIVERSIDAD DE IBAGUÉ, Ponente, Internacional, 2016,11,30 ,,,
Grupo en Modelado y Simulación de Sistemas Sociales Complejos MYSCO,IX CURSO ANUAL DE LA ESCUELA LATINOAMERICANA DE PENSAMIENTO Y DISEÑO SISTEMICO, Congreso ,Santiago , UNIVERSIDAD DE IBAGUÉ," Organizador , Ponente", Internacional, 2016,11,30 ,,,
Grupo en Modelado y Simulación de Sistemas Sociales Complejos MYSCO,IX Curso Anual de la Escuela Latinoamericana de Pensamiento y Diseño Sistémico, Congreso ,Santiago, UNIVERSIDAD DE LOS ANDES, Ponente Magistral, Internacional, 2016,11,30 ,,,
Grupo en Modelado y Simulación de Sistemas Sociales Complejos MYSCO,Cuarta Muestra de Diseño, Otro ,IBAGUÉ, UNIVERSIDAD DE IBAGUÉ, Organizador, Nacional, 2016,11,22 ,,,
Grupo en Modelado y Simulación de Sistemas Sociales Complejos MYSCO,Descifrando las Dinámicas de la Movilidad en Ibagué, Congreso ,IBAGUÉ, UNIVERSIDAD DE IBAGUÉ, Organizador, Nacional, 2016,11,16 ,,,
Grupo en Modelado y Simulación de Sistemas Sociales Complejos MYSCO,Taller Descifrando las dinámicas de la movilidad en Ibagué, Taller ,IBAGUÉ, UNIVERSIDAD DE IBAGUÉ, Organizador, Nacional, 2016,11,16 ,,,
Grupo en Modelado y Simulación de Sistemas Sociales Complejos MYSCO,XIX Congreso Latinoamericano de Transporte Público y Urbano, Congreso ,Montevideo, UNIVERSIDAD DE IBAGUÉ, Ponente, Internacional, 2016,11,07 ,,,
Grupo en Modelado y Simulación de Sistemas Sociales Complejos MYSCO,Taller de Diseño de Espacios Públicos para Ibagué, Taller ,IBAGUÉ, UNIVERSIDAD DE IBAGUÉ, Organizador, Nacional, 2016,10,29 ,,,
Grupo en Modelado y Simulación de Sistemas Sociales Complejos MYSCO,IV Congreso de la Red Colombiana de Universidades Promotoras de la Salud - Nodo Nariño, Congreso ,Buenos Aires, UNIVERSIDAD DE IBAGUÉ, Ponente, Nacional, 2016,10,26 ,,,
Grupo en Modelado y Simulación de Sistemas Sociales Complejos MYSCO,IV Congreso nacional de universidades promotoras de salud, Congreso ,PASTO, UNIVERSIDAD DE IBAGUÉ, Ponente, Nacional, 2016,10,26 ,,,
Grupo en Modelado y Simulación de Sistemas Sociales Complejos MYSCO,XIX Encuentro Nacional y XIII Internacional de Semilleros de Investigación, Encuentro ,CÚCUTA, UNIVERSIDAD DE IBAGUÉ, Ponente, Internacional, 2016,10,14 ,,,
Grupo en Modelado y Simulación de Sistemas Sociales Complejos MYSCO,Conferencia regional de salud mental comunitaria, Congreso ,Lima, UNIVERSIDAD DE IBAGUÉ, Ponente, Internacional, 2016,10,10 ,,,
Grupo en Modelado y Simulación de Sistemas Sociales Complejos MYSCO, III Encuentro de Universidades Promotoras de Salud. REDCUPS Nodo Tolima., Encuentro ,IBAGUÉ, Secretaria De Salud Del Tolima, Ponente, Nacional, 2016,10,04 ,,,
Grupo en Modelado y Simulación de Sistemas Sociales Complejos MYSCO,Semana de Investigación Universitaria 2016, Otro ,IBAGUÉ, UNIVERSIDAD DE IBAGUÉ, Ponente, Nacional, 2016,09,21 ,,,
Grupo en Modelado y Simulación de Sistemas Sociales Complejos MYSCO,VI Semana de la investigación universitaria 2016, Otro ,IBAGUÉ, UNIVERSIDAD DE IBAGUÉ, Ponente, Nacional, 2016,09,21 ,,,
Grupo en Modelado y Simulación de Sistemas Sociales Complejos MYSCO,Educación para el Buen Vivir - Diseño de Modelos Socio-comunitarios Productivos, Seminario ,IBAGUÉ, UNIVERSIDAD DE IBAGUÉ, Organizador, Nacional, 2016,09,05 ,,,
Grupo en Modelado y Simulación de Sistemas Sociales Complejos MYSCO,IV Encuentro Internacional Experiencias Investigativas del vestir y la moda, Encuentro ,MEDELLÍN, UNIVERSIDAD PONTIFICIA BOLIVARIANA, Ponente, Internacional, 2016,09,01 ,,,
Grupo en Modelado y Simulación de Sistemas Sociales Complejos MYSCO,VI Encuentro Internacional de Experiencias Investigativas del de Vestir y la Moda, Encuentro ,MEDELLÍN, UNIVERSIDAD DE IBAGUÉ, Ponente, Internacional, 2016,09,01 ,,,
Grupo en Modelado y Simulación de Sistemas Sociales Complejos MYSCO,VI Encuentro Internacional: Experiencias investigativas del vestir y la moda, Otro ,MEDELLÍN, UNIVERSIDAD DE IBAGUÉ, Ponente, Nacional, 2016,09,01 ,,,
Grupo en Modelado y Simulación de Sistemas Sociales Complejos MYSCO,Foro Nacional de la Bicicleta Ibagué 2016, Encuentro ,IBAGUÉ, UNIVERSIDAD DE IBAGUÉ, Organizador, Nacional, 2016,08,25 ,,,
Grupo en Modelado y Simulación de Sistemas Sociales Complejos MYSCO,Taller de ideación de Espacios Públicos, Otro ,IBAGUÉ, UNIVERSIDAD DE IBAGUÉ," Asistente , Organizador", Nacional, 2016,07,11 ,,,
Grupo en Modelado y Simulación de Sistemas Sociales Complejos MYSCO,Primer Simposio-Taller Internacional sobre el Futuro del Diseño y el Diseño de Futuros, Simposio ,IBAGUÉ, UNIVERSIDAD DE IBAGUÉ," Compilador de memorias , Organizador", Internacional, 2016,06,16 ,,,
Grupo en Modelado y Simulación de Sistemas Sociales Complejos MYSCO,Curso Diseño Ontológico, Otro ,IBAGUÉ, UNIVERSIDAD DE IBAGUÉ, Compilador de memorias, Nacional, 2016,06,07 ,,,
Grupo en Modelado y Simulación de Sistemas Sociales Complejos MYSCO,Curso Creative and Practical Research Skills in Social Science, Otro ,IBAGUÉ, UNIVERSIDAD DE IBAGUÉ, Compilador de memorias, Nacional, 2016,05,31 ,,,
Grupo en Modelado y Simulación de Sistemas Sociales Complejos MYSCO,XIV Encuentro Departamental de Semilleros de Investigación REDCOLSI Nodo Tolima, Encuentro ,ESPINAL, UNIVERSIDAD DE IBAGUÉ, Ponente, Nacional, 2016,05,13 ,,,
Grupo en Modelado y Simulación de Sistemas Sociales Complejos MYSCO,XIII Foro Académico de Diseño, Seminario ,"BOGOTÁ, D.C.", UNIVERSIDAD DE CALDAS, Ponente, Internacional, 2016,05,09 ,,,
Grupo en Modelado y Simulación de Sistemas Sociales Complejos MYSCO,6th Transport Research Arena, Congreso ,Varsovia, UNIVERSIDAD DE IBAGUÉ, Ponente, Internacional, 2016,04,18 ,,,
Grupo en Modelado y Simulación de Sistemas Sociales Complejos MYSCO,Mirando al Sur Historias para compartir lo que somos, Encuentro ,TUNJA, UNIVERSIDAD DE IBAGUÉ, Organizador, Nacional, 2016,03,01 ,,,
Grupo en Modelado y Simulación de Sistemas Sociales Complejos MYSCO,Charla Diseñar Región - Diseño del Sur, Seminario ,IBAGUÉ, UNIVERSIDAD DE IBAGUÉ, Organizador, Nacional, 2016,03,01 ,,,
Grupo en Modelado y Simulación de Sistemas Sociales Complejos MYSCO,XI Congreso Colombiano de Ingeniería de Transporte y Tránsito, Congreso ,BARRANQUILLA, UNIVERSIDAD DE IBAGUÉ, Ponente, Nacional, 2015,12,02 ,,,
Grupo en Modelado y Simulación de Sistemas Sociales Complejos MYSCO,Segunda Muestra de Diseño, Otro ,IBAGUÉ, UNIVERSIDAD DE IBAGUÉ, Organizador, Nacional, 2015,11,27 ,,,
Grupo en Modelado y Simulación de Sistemas Sociales Complejos MYSCO,VIII Curso Anual De La Escuela Latinoamericana de Pensamiento y Diseño Sistémico, Congreso ,IBAGUÉ, UNIVERSIDAD DE LOS ANDES, Ponente, Internacional, 2015,11,25 ,,,
Grupo en Modelado y Simulación de Sistemas Sociales Complejos MYSCO,VIII CURSO ANUAL DE LA ESCUELA LATINOAMERICANA DE PENSAMIENTO Y DISEÑO SISTEMICO, Congreso ,IBAGUÉ, UNIVERSIDAD DE IBAGUÉ," Asistente , Compilador de memorias , Organizador", Internacional, 2015,11,25 ,,,
Grupo en Modelado y Simulación de Sistemas Sociales Complejos MYSCO,VIII CURSO ANUAL DE LA ESCUELA LATINOAMERICANA DE PENSAMIENTO Y DISEÑO SISTEMICO, Congreso ,IBAGUÉ, UNIVERSIDAD DE IBAGUÉ," Organizador , Ponente Magistral", Internacional, 2015,11,25 ,,,
Grupo en Modelado y Simulación de Sistemas Sociales Complejos MYSCO,VIII Edición anual de Escuela Latinoamericana de Pensamiento y Diseño Sistémico ELAPDIS, Otro ,IBAGUÉ, Escuela Latinoamericana de Pensamiento y Diseño Sistémico ¿," Asistente , Organizador", Internacional, 2015,11,25 ,,,
Grupo en Modelado y Simulación de Sistemas Sociales Complejos MYSCO,VIII Curso Anual De La Escuela Latinoamericana de Pensamiento y Diseño Sistémico, Congreso ,IBAGUÉ, UNIVERSIDAD DE IBAGUÉ, Organizador, Internacional, 2015,11,25 ,,,
Grupo en Modelado y Simulación de Sistemas Sociales Complejos MYSCO,VIII Encuentro de Comunicación social y periodismo, Encuentro ,IBAGUÉ, UNIVERSIDAD DE IBAGUÉ, Organizador, Nacional, 2015,11,10 ,,,
Grupo en Modelado y Simulación de Sistemas Sociales Complejos MYSCO,Simposio Departamental de Salud Mental, Simposio ,IBAGUÉ, CORPORACIÓN PROYECTANDO FUTURO, Ponente Magistral, Nacional, 2015,11,06 ,,,
Grupo en Modelado y Simulación de Sistemas Sociales Complejos MYSCO,II Encuentro Regional de Universidades Promotoras de la Salud Nodo Tolima, Encuentro ,IBAGUÉ, UNIVERSIDAD DE IBAGUÉ, Ponente Magistral, Nacional, 2015,11,04 ,,,
Grupo en Modelado y Simulación de Sistemas Sociales Complejos MYSCO,Foro Infraestructura de transporte y logística: ¿Cómo avanzar hacia un enfoque intermodal en la Región Central?, Simposio ,PAIPA, RAPE Región Central, Ponente Magistral, Nacional, 2015,10,16 ,,,
Grupo en Modelado y Simulación de Sistemas Sociales Complejos MYSCO,XVIII Encuentro Nacional y XII Internacional de Semilleros de Investigación, Encuentro ,CALI, UNIVERSIDAD DE IBAGUÉ, Asistente, Nacional, 2015,10,15 ,,,
Grupo en Modelado y Simulación de Sistemas Sociales Complejos MYSCO,Veinte años construyendo salud colectiva, Congreso ,MEDELLÍN, UNIVERSIDAD DE ANTIOQUIA, Ponente, Nacional, 2015,09,25 ,,,
Grupo en Modelado y Simulación de Sistemas Sociales Complejos MYSCO,2015 Air Transport Research Society World Conference, Congreso ,Singapur, UNIVERSIDAD DE IBAGUÉ, Ponente, Internacional, 2015,07,02 ,,,
Grupo en Modelado y Simulación de Sistemas Sociales Complejos MYSCO,I Coloquio Narrativas de la violencia en Colombia: episteme y método, Otro ,IBAGUÉ, UNIVERSIDAD DE IBAGUÉ," Organizador , Ponente", Nacional, 2015,06,16 ,,,
Grupo en Modelado y Simulación de Sistemas Sociales Complejos MYSCO,Primera Muestra de Diseño, Otro ,IBAGUÉ, UNIVERSIDAD DE IBAGUÉ, Organizador, Nacional, 2015,05,21 ,,,
Grupo en Modelado y Simulación de Sistemas Sociales Complejos MYSCO,XIII Encuentro Departamental de Semilleros de Investigación REDCOLSI Nodo Tolima, Encuentro ,IBAGUÉ, UNIVERSIDAD DE IBAGUÉ, Ponente, Nacional, 2015,05,15 ,,,
Grupo en Modelado y Simulación de Sistemas Sociales Complejos MYSCO,Workshop Internacional Re-Pensar la Movilidad, Taller ,IBAGUÉ, UNIVERSIDAD DE IBAGUÉ," Organizador , Ponente", Internacional, 2015,04,09 ,,,
Grupo en Modelado y Simulación de Sistemas Sociales Complejos MYSCO,Socialización investigaciones PROFIN, Otro ,IBAGUÉ, UNIVERSIDAD DE IBAGUÉ, Ponente, Nacional, 2015,02,03 ,,,
Grupo en Modelado y Simulación de Sistemas Sociales Complejos MYSCO,VII CURSO ANUAL DE LA ESCUELA LATINOAMERICANA DE PENSAMIENTO Y DISEÑO SISTEMICO, Congreso ,Buenos Aires, UNIVERSIDAD DE IBAGUÉ," Organizador , Ponente", Internacional, 2014,11,12 ,,,
Grupo en Modelado y Simulación de Sistemas Sociales Complejos MYSCO,VII Encuentro de comunicación social y periodismo, Encuentro ,IBAGUÉ, UNIVERSIDAD DE IBAGUÉ, Organizador, Nacional, 2014,11,05 ,,,
Grupo en Modelado y Simulación de Sistemas Sociales Complejos MYSCO,16th Congress of the World Organization of Systems and Cybernetics, Congreso ,IBAGUÉ, UNIVERSIDAD DE IBAGUÉ," Asistente , Compilador de memorias , Organizador", Internacional, 2014,10,15 ,,,
Grupo en Modelado y Simulación de Sistemas Sociales Complejos MYSCO,16th Congress of the World Organization of Systems and Cybernetics, Congreso ,IBAGUÉ, World Organization on Systems and Cybernetics, Ponente, Internacional, 2014,10,15 ,,,
Grupo en Modelado y Simulación de Sistemas Sociales Complejos MYSCO,16th Congress of the World Organization of Systems and Cybernetics, Congreso ,IBAGUÉ, UNIVERSIDAD DE IBAGUÉ, Organizador, Internacional, 2014,10,15 ,,,
Grupo en Modelado y Simulación de Sistemas Sociales Complejos MYSCO,V Encuentro de comunicación social y periodismo, Encuentro ,IBAGUÉ, UNIVERSIDAD DE IBAGUÉ, Organizador, Nacional, 2012,05,22 ,,,
Grupo en Modelado y Simulación de Sistemas Sociales Complejos MYSCO,III Curso Anual De La Escuela Latinoamericana de Pensamiento y Diseño Sistémico, Congreso ,IBAGUÉ, UNIVERSIDAD DE IBAGUÉ, Organizador, Internacional, 2010,12,02 ,,,
